1.625515871301819848e+00,1.417696722885301575e-01
2.461545190069466926e+00,1.390175917676874651e-01
3.022737066365027037e+00,1.415730907521426385e-01
5.657511235910954728e-01,1.573626318946121372e-01
2.432411376150187099e+00,1.451353421420292500e-01
1.540061073373780953e+00,1.354773873006208385e-01
3.002089599672116971e-01,1.683738878106520453e-01
5.603748059404320969e-01,1.893380367356214400e-01
1.603003697994383137e+00,2.041209939983083810e-01
1.219961040774678818e+00,2.042105231066846383e-01
1.162485090398696075e+00,2.694598250852278110e-01
1.759089228306984998e+00,2.563768688227635595e-01
8.304938741378595779e-01,2.350899176561546955e-01
3.089668694637938362e+00,2.138855794930230592e-01
1.235804574410962697e+00,2.368989187933319973e-01
8.246711160441295707e-01,2.687657954204988320e-01
1.948705373184351997e+00,2.583390693635356783e-01
1.766192483132805080e+00,2.623796893655403473e-01
2.939494731378776926e+00,2.554637384837403213e-01
1.260529217013666603e+00,2.527844233051304013e-01
8.530862259716033291e-01,2.360121351226040221e-01
3.749910081765131520e-01,2.093239959970112640e-01
1.202322288796053851e+00,2.448424907018188490e-01
1.049822424624548223e+00,2.440379542536436908e-01
2.186675836832491893e+00,2.089592013762431311e-01
2.715259140352441758e+00,2.566633632824968370e-01
2.686635036246255437e-01,2.632012388970828010e-01
1.347376243235404170e+00,2.693032858873191104e-01
1.361326495603652154e+00,3.328606684785616054e-01
2.934633296786230527e+00,3.112639301905023026e-01
1.043993669274503766e+00,2.833503908435996421e-01
9.816550354324611316e-01,2.849971303460842043e-01
1.530101186864490925e+00,2.794541930688271281e-01
2.254356032257962106e+00,3.129135790889682189e-01
2.225923765206384797e+00,3.434230700155196381e-01
4.205936257691209046e-01,2.928872743454909999e-01
1.923401258824253279e+00,3.350962833333903657e-01
1.900501881314824226e+00,3.175642379720842734e-01
2.032319306434574813e+00,2.847808090319799423e-01
2.059303313723319206e+00,3.390604610445309697e-01
3.882223167788113605e-01,2.880710537040312436e-01
1.677251107225939730e+00,3.000885429788647807e-01
1.203717110199719498e+00,2.828516938341455456e-01
2.696181674950658635e+00,2.869397476747251874e-01
2.105500421209230422e-01,2.748261946438023684e-01
1.899775327432233485e-01,2.809525635957289547e-01
7.365275491670097985e-01,3.090286042712680481e-01
2.415409122496162020e+00,2.963251355632110506e-01
4.169250788851768252e-01,3.954135417589226265e-01
1.345185951054511664e-01,3.998095144168254400e-01
2.656879692083585098e+00,4.070775851234682552e-01
5.447976561330919454e-02,3.648345884645029513e-01
2.580465167586046271e-01,3.526975127533256149e-01
1.024085786714435509e+00,3.650805541676017674e-01
1.721126430726181100e+00,3.457775221030404689e-01
6.377316078816135381e-01,3.584970261300342020e-01
3.000938500543195886e+00,3.752871031496183285e-01
2.579980825479788464e+00,3.826154368406847750e-01
1.692276399878685833e+00,3.480758409145481291e-01
5.483398816969610179e-01,4.078292248650153828e-01
1.892898012535524588e+00,3.609911040221982503e-01
1.211072044462597974e+00,3.503055449786280362e-01
2.543460446086836413e+00,3.558974104541301475e-01
3.056209907379638047e+00,3.723010274519039653e-01
2.716189473817666178e-01,4.078232375684932576e-01
2.142474578267544949e+00,3.455804971261680625e-01
1.292511355270139273e+00,3.852662299919646927e-01
4.436670869621892055e-02,3.443239836165683521e-01
1.333401510095617803e+00,4.532677623326686889e-01
2.317066741818176734e+00,4.183747027576285582e-01
2.761305258369909588e+00,4.403963774891238581e-01
9.129806992747624417e-01,4.883872092854968372e-01
6.138021343431742105e-01,4.735525291709530848e-01
1.259863303765151876e-01,4.860772769921140046e-01
1.029630262073743419e+00,4.180347288706944275e-01
2.670188613990362447e-02,4.410470931355677804e-01
2.553797328575480918e+00,4.717409969942615300e-01
2.167334728136675881e-01,4.469804950794966092e-01
3.006802638871430844e-01,4.178098911275534566e-01
3.031109974469028412e+00,4.739521561309631981e-01
2.008532582116833609e+00,4.360502355864510626e-01
4.062798028436273579e-02,4.859840783973920497e-01
2.258683739567782123e+00,4.282113913115849213e-01
1.232184086392402955e+00,4.259799139425148318e-01
2.799527574149803577e+00,4.838952929668738911e-01
7.867232953449585509e-01,4.709995956918414106e-01
2.230193119512884070e-01,4.732415411998280863e-01
1.548493905743245858e+00,4.277695511048383858e-01
1.105302307286303021e-01,5.561382873570164254e-01
1.715871837481532047e+00,5.148253970086446030e-01
1.027919553767661753e+00,4.939938162144906775e-01
3.750388560380318870e-01,5.234951053522248765e-01
2.687076003784441558e-01,5.315215061249674022e-01
9.185496034650624253e-01,5.554289741406122083e-01
8.835147548232690218e-01,5.620187613703357954e-01
1.163273001745915303e-01,5.326313304176959473e-01
2.847355023237334137e+00,4.947669613409894085e-01
1.007993040925726058e+00,5.390786257025635964e-01
2.689677798672240883e-01,5.376625609075527112e-01
2.215963232490870460e+00,5.107675794219196375e-01
1.624614170213790176e+00,5.531748864687862088e-01
2.237617558050208899e+00,5.547425913064416569e-01
9.445340277464270295e-02,5.453502783892140160e-01
8.678518186424621916e-01,5.377911025208945706e-01
1.233332423595780103e+00,5.198646223958527379e-01
1.567873927348006902e+00,5.441608847680790007e-01
2.954072426062119394e+00,5.212251533863512254e-01
2.406734735483821552e+00,5.255730191712851829e-01
9.576034133254376912e-02,5.839337073864833139e-01
2.119434963155791163e+00,6.112934434273109563e-01
4.203517670862001454e-01,5.718842786438518289e-01
2.033828054379533512e+00,5.702606370078954212e-01
1.674528508799300708e+00,5.693848179212743776e-01
7.994491616798646283e-02,6.374772011611828937e-01
2.169636670728903649e+00,5.744338982855061726e-01
2.356820299743269675e+00,5.961006883878730012e-01
1.769774496820750942e+00,6.056903625762588561e-01
1.567032417193405580e+00,6.065180427829055532e-01
1.329467080716552341e-01,6.143315685330494880e-01
1.188429663631244970e-01,6.358351869110920873e-01
3.058931611839192044e+00,6.190275433515027848e-01
1.583450626230789582e-01,5.739708978960573749e-01
2.878851432906993413e+00,5.777771667824289636e-01
1.841796681225802645e+00,5.898895819548413133e-01
1.023465237558791152e+00,5.953253223701580055e-01
2.850035513122268327e+00,6.066830113073617969e-01
1.386998608094581975e+00,5.728088373217629092e-01
1.446102228495168340e+00,5.989517623569495797e-01
2.915549626044985132e+00,6.814175598273174428e-01
4.924443815929366308e-01,6.772458621824672953e-01
8.106179250932071811e-01,6.785070348183868116e-01
1.533767844958698001e+00,6.733836369396912769e-01
1.810099395813756562e+00,6.459871723503860519e-01
2.196535558401852661e+00,6.461789900233865236e-01
1.078822815818018865e+00,6.424221857386613888e-01
1.560941400996800121e+00,6.939701256472128321e-01
1.212444105264098182e+00,6.916348247999269949e-01
2.604453658857287301e+00,6.971107434021848182e-01
1.058291749846790308e+00,6.917882161486201831e-01
2.534905125291765149e+00,6.564479935035112401e-01
2.671654958234811250e+00,6.878726211540781010e-01
8.076839903672465848e-01,6.539412002509846777e-01
1.322210619664117903e+00,6.875231271895710927e-01
6.472524032155209106e-01,6.929897539320635236e-01
1.954380856386864984e+00,7.093662958202786584e-01
2.074225241444131118e+00,6.816179541933508057e-01
1.925348670465959477e+00,6.971561597449986714e-01
2.598851363627900035e+00,6.650183718273824374e-01
7.502126308978819269e-01,7.181554336857420839e-01
9.377447509030877315e-01,7.639597929823693789e-01
1.944154642064569671e+00,7.229954412817567455e-01
2.954682834829170934e-01,7.712015445894107035e-01
1.615237562410874128e+00,7.840986017234695682e-01
8.841563793498665724e-01,7.604511257159431992e-01
1.427329558221333894e+00,7.217038364448982168e-01
2.933723099093205056e-01,7.521568827674258717e-01
2.154981395741210282e+00,7.240211796760965823e-01
3.027184470232106239e+00,7.675016220762442831e-01
1.383677953113568559e+00,7.712773574851500280e-01
1.477806928736513647e+00,7.618015204561932041e-01
8.151432734842374295e-01,7.311087016074167000e-01
1.803309307688095275e+00,7.489854280234553574e-01
3.084166371951994279e+00,7.732345784051821713e-01
1.230321935081584606e+00,7.763440974270261474e-01
2.728256358849854291e+00,7.613285572596582007e-01
2.567541470355880318e+00,7.661463537480399655e-01
1.159580130968703493e+00,7.711188357163364371e-01
7.099493066053064183e-01,7.298593504112486086e-01
2.771087325255292555e+00,7.983369185325013273e-01
1.080954286293776212e+00,7.989747141239331718e-01
1.410550263234258583e+00,8.227078373054536042e-01
1.987866193284647975e+00,8.273744230745799788e-01
2.543929587594473407e+00,7.990843601568413668e-01
1.867655440255006072e+00,8.195836666202567233e-01
2.157722175904326800e+00,8.053063410948894107e-01
1.971436413770268681e+00,8.131917302305644579e-01
1.984193682574623974e-01,8.097283834535276004e-01
1.106567716766688303e+00,8.048100332683024716e-01
2.538750132707513707e+00,7.948722995721391182e-01
2.648810928177466884e-01,8.000361206645483225e-01
1.069125455456704232e-01,8.439323963903389014e-01
2.766851759891089557e+00,8.508984293366643747e-01
1.200369515139350973e+00,7.961013878305789326e-01
1.130131675398018176e+00,8.434203910046966790e-01
1.598409972501194876e+00,8.078362208047746851e-01
1.263041675353448356e+00,8.589027069442591866e-01
1.515070296921293413e-01,7.987417188117040823e-01
3.098611856062372105e+00,7.987774950454442635e-01
2.278597436370207063e+00,8.920840245767853727e-01
7.543612143318236818e-01,9.069919868957679876e-01
2.217895602232613950e+00,8.816697945076819032e-01
2.225314569428751721e+00,8.689957825450226325e-01
2.216136145078338726e-01,9.328427947641492191e-01
1.267360721366780130e+00,8.691421422219647308e-01
8.840088020598941831e-01,8.914318568716389501e-01
2.373896125942852819e+00,9.263357865352964682e-01
1.800338444147898898e+00,9.223836186472275100e-01
4.817565633974757455e-01,8.672759494418896820e-01
3.014597593099924921e+00,9.093108962979365995e-01
1.888839807950577709e+00,8.659002834420057582e-01
1.816301087234963640e+00,9.276654340764920459e-01
1.852138678935335347e+00,9.196108666546239929e-01
2.840795997872542333e+00,9.318838971533158766e-01
1.154885093373754501e-01,9.164736274905731506e-01
3.088897911173886346e+00,8.781544704942916280e-01
2.273490455640689856e+00,8.725979693194141351e-01
2.711924643866812978e+00,8.919982346604951040e-01
2.579442594185374471e+00,8.690351049428131081e-01
1.945089333928399444e+00,9.448111226117209549e-01
1.409676594431994001e+00,9.643787155746287310e-01
2.405533007025337788e+00,9.495410491491759197e-01
1.475184611679474678e+00,9.996719539034044644e-01
1.078103025045859642e+00,9.542207389638686088e-01
1.567516685684099187e+00,9.821217972669276097e-01
6.665599065907301668e-01,9.540802650095272508e-01
6.636806871327289858e-01,9.904184123524855110e-01
2.071405333460210496e+00,9.458746014902359445e-01
3.948996349879378975e-01,9.363660529200282800e-01
1.366949927977832102e+00,9.685329865095181345e-01
1.305718901674773891e+00,9.755215210049572594e-01
2.502349094901340720e+00,9.482731530156212063e-01
2.666922341359238668e+00,9.772138661627562950e-01
2.880286295098091198e+00,9.934336547607376389e-01
6.297357499426482486e-01,9.487262906120159656e-01
2.570070611145079953e-01,1.003514331820322791e+00
2.052485311851759420e+00,9.481922172175771824e-01
2.168782117441282686e+00,9.643985282301557049e-01
4.636440413795079873e-01,9.506163491447634506e-01
1.958487086909761699e+00,1.045715393819851347e+00
2.361560945969431113e+00,1.049632921181073097e+00
1.766815319916420490e+00,1.014689090738806421e+00
2.076941775907017895e+00,1.071133713861345704e+00
1.555750040672064516e-01,1.038929514845084334e+00
2.749627275325570164e+00,1.066218820310241400e+00
2.452595119915743194e+00,1.061602374708983554e+00
3.062480151202594758e+00,1.065999532126749028e+00
2.141671106580308237e+00,1.022526428409640697e+00
6.372536271842276223e-01,1.065003024394666875e+00
2.588331376818097107e-01,1.012076853808683508e+00
1.404763559057469635e+00,1.027306540418638559e+00
2.222794854506310980e+00,1.019064831679420413e+00
2.934839738311140867e+00,1.011590614196508309e+00
7.302629335031445290e-01,1.056394189011615303e+00
6.864647048059682177e-01,1.071522186120269282e+00
2.010823512678402203e+00,1.069819465401116609e+00
2.780946947889091803e+00,1.070506260306358426e+00
2.502877914709711327e-01,1.054773480108352590e+00
3.299127024201778391e-01,1.024901437668723547e+00
2.500755680788885549e+00,1.144913870452445748e+00
2.620820071747451130e-01,1.085867259597899537e+00
9.738774212874099501e-01,1.082076630020192498e+00
1.447372972999164897e+00,1.123942395862597587e+00
2.969611367100700727e-01,1.113767665196605083e+00
3.692523093556873692e-02,1.150756589840604915e+00
2.592570389640767914e+00,1.134340501936194512e+00
9.495717008344943810e-01,1.117322826128313684e+00
2.109711849500591097e+00,1.093140156007407215e+00
6.823967003200099857e-01,1.098573705206671303e+00
1.705978174275729620e-01,1.122678277609679309e+00
2.700330040442489032e+00,1.092373951904152429e+00
2.612092787142592520e+00,1.152850445434215221e+00
9.690617727676702486e-01,1.143110133277057461e+00
1.003185574295353044e+00,1.152718183841161537e+00
2.040864172773268592e+00,1.097355762878870156e+00
2.410610525689657724e+00,1.097401778999854471e+00
1.300130631187813135e+00,1.104621193910941823e+00
2.904100653619654082e+00,1.133506543596681793e+00
1.021523041635234108e+00,1.114204221779399706e+00
9.155688983589482799e-02,1.200061576379026551e+00
5.443255283133823230e-01,1.166320342210630301e+00
5.749021353118631827e-01,1.176510836350401545e+00
3.009779596352234687e+00,1.182787112541985541e+00
4.879663475288404939e-01,1.220079719526915074e+00
2.554770590994657198e+00,1.222337419692004934e+00
2.763350388869115215e-01,1.195390567889510036e+00
1.498797491933488768e+00,1.201662013682457841e+00
2.760667440492034608e+00,1.219087620905261460e+00
2.602716501838881591e+00,1.190697181309450459e+00
2.287996960594788742e+00,1.163540843160270510e+00
6.458560245029443259e-01,1.196082961044059312e+00
1.302016826659926130e+00,1.209702663271361001e+00
2.430804846328446622e+00,1.155235088347283501e+00
5.720015321791893648e-01,1.220822808106040158e+00
2.394172943689419686e+00,1.210352482246419337e+00
2.803125186024434168e+00,1.219859955428858500e+00
1.221864069736015246e+00,1.174582595609658053e+00
2.312307067250954362e-01,1.158417298085296920e+00
1.868245946787144174e+00,1.225348757485189122e+00
3.005603180782991046e+00,1.280980966293474355e+00
2.238312351580160620e+00,1.273625974485488754e+00
2.962384315664273515e+00,1.235798943212668588e+00
1.406890002698929498e+00,1.270954461075427089e+00
1.698137977383885833e+00,1.248315604214059293e+00
4.223540147470082884e-01,1.301929132184596494e+00
1.607317615251944387e+00,1.268828103619234815e+00
1.883200400741986913e+00,1.249574526652348139e+00
2.268547347001227621e+00,1.230851945037721773e+00
2.034442161264660154e+00,1.277096745074567385e+00
8.694944102188510993e-01,1.259777301275317063e+00
1.212462517030534537e+00,1.299011868046385132e+00
2.543750135069728024e+00,1.274902436385039195e+00
4.965604647516781434e-01,1.261415157502364659e+00
2.221138339569363185e-01,1.234273768193921983e+00
1.437505875008189493e+00,1.241910485847660617e+00
2.459923019939938449e+00,1.231684685101480214e+00
1.833769056341189030e+00,1.254101184933636093e+00
2.529908316709915894e+00,1.266435653309454512e+00
4.916993484433210271e-01,1.259557590859371690e+00
1.409706181243589818e+00,1.342931465492007037e+00
2.475344098255088277e+00,1.344844536008805269e+00
1.468736733952503926e+00,1.332165648714018769e+00
8.025043897873195275e-01,1.354036315496097043e+00
2.924006471063723911e+00,1.330988072714022419e+00
2.316970830372382828e+00,1.331132240810391387e+00
1.888520429118745181e-01,1.323449222369321943e+00
2.960650890105931410e+00,1.315487666533166067e+00
2.592981246295483544e+00,1.323514626105477987e+00
2.112370805037687926e+00,1.312586113122255371e+00
3.108966151530840438e+00,1.354770587029909601e+00
5.575837161636794104e-01,1.332768943486808411e+00
1.776788323462309638e+00,1.336234882548600122e+00
1.183105085292095904e+00,1.305704708361417499e+00
6.933355072664175722e-01,1.374410693633939307e+00
1.748585067435700413e+00,1.365258772782540486e+00
1.781100694440953980e+00,1.349793877303144818e+00
5.804367766439513243e-01,1.330566422443709484e+00
1.954762609596958578e+00,1.340444252635683897e+00
2.821618973907475514e+00,1.327020039094596315e+00
2.384969386883680098e+00,1.442675874007596004e+00
2.844598799155042990e+00,1.426110622790566440e+00
1.006734775205435417e+00,1.440200796559684582e+00
1.220484424681419267e+00,1.427502525308087522e+00
1.250715818948858082e+00,1.392715105495856864e+00
5.995267733557109180e-01,1.401873979791815605e+00
1.048427165813498041e+00,1.445866525461181551e+00
1.619947006295167968e+00,1.435085380918499576e+00
2.690657820270013545e+00,1.417911869820314807e+00
2.408939430278158600e+00,1.439705317666793105e+00
1.785236628704948370e+00,1.430278510383178769e+00
9.550714419195429628e-01,1.428502947549713742e+00
2.553828119038941580e+00,1.391229549371955088e+00
1.052552721687090909e+00,1.446888894253139490e+00
1.388000627829050870e+00,1.404153926140337294e+00
1.680704803619432974e+00,1.381561695105884890e+00
1.584416296480566144e+00,1.422023308566108479e+00
2.593710257652828588e+00,1.426475422564311479e+00
2.367343249648516057e+00,1.444401991912726224e+00
7.699132207417948015e-01,1.398504951864264489e+00
1.931829354257932785e+00,1.493431166909173546e+00
1.386679510301668028e+00,1.450157483324075569e+00
3.080800012181400760e+00,1.496465761036918085e+00
2.283073548880218517e+00,1.502765875932698725e+00
2.334633372579304922e+00,1.517088837070748264e+00
1.668670350407317038e+00,1.476423333855080289e+00
3.972079454661304743e-01,1.494980214851993949e+00
2.124548354956377061e+00,1.477151500089365355e+00
2.944711315176060662e+00,1.519415920213192717e+00
4.200749195585121165e-02,1.493280176122626202e+00
2.648493373414634533e+00,1.520528774558244089e+00
2.852482267041655195e+00,1.494929725649995600e+00
2.119515780692918128e+00,1.486877855168386109e+00
2.948314274206240704e+00,1.494507528324533707e+00
2.086183718361338979e+00,1.482877074876233436e+00
2.340275011368575520e-01,1.487392109995961942e+00
6.714752519124782548e-01,1.513829174962998847e+00
3.077052319865200558e-01,1.508236810687479057e+00
6.821747444033423591e-01,1.505904346282522122e+00
1.033731038808855640e+00,1.450248231975430402e+00
1.080047732805621052e+00,1.560223010561042623e+00
1.512222601758377749e+00,1.587650269802040048e+00
6.504649914993054782e-01,1.529216059601565592e+00
6.871965159557076319e-01,1.545250726258997398e+00
2.664824084223389900e+00,1.535469330931363174e+00
2.425536964963374675e+00,1.538355429109382833e+00
2.281598852936245869e+00,1.574443893538317818e+00
4.678443732738526983e-01,1.543346036605329763e+00
1.000492720563402660e+00,1.543591949952169307e+00
1.807665270779518218e+00,1.529013938355666236e+00
1.059569731197988807e+00,1.549624366644334783e+00
2.102559294482159835e+00,1.594004640853779797e+00
1.722456451979375469e+00,1.547372942352645664e+00
1.454346128968526219e+00,1.561494928054378395e+00
2.801508117953389387e+00,1.533606436789681782e+00
2.786378243895499374e+00,1.590690052015999223e+00
1.586029142763448974e+00,1.576572531599281124e+00
1.006782582836775797e+00,1.580604358538163279e+00
2.557937900669687181e+00,1.549428523603181507e+00
1.579714583924770377e+00,1.570002402096158933e+00
2.798972195417996467e+00,1.614618365883766504e+00
2.356843314415953738e+00,1.618302581678446650e+00
5.385408749514132287e-01,1.656486167249008101e+00
2.462007540874355804e+00,1.648034362987883972e+00
1.020709116206871325e+00,1.611354343596650196e+00
2.248227912925017336e+00,1.630243302492905277e+00
2.566449009208540133e+00,1.635554393971586862e+00
1.076729985979080206e+00,1.603755113153694456e+00
1.421818596331325679e+00,1.656464619732459731e+00
2.241689730791447843e+00,1.655529914637599465e+00
9.380866553823794529e-01,1.663956786095617035e+00
1.449455999965223896e+00,1.660200291265969685e+00
2.791773262679857037e+00,1.601092018670793315e+00
1.093445607187793600e+00,1.668694657385520586e+00
1.274586639429591051e+00,1.637088997790985934e+00
2.939050672522228957e+00,1.642682218108111325e+00
2.723102901857014757e+00,1.641802497672386840e+00
2.033131154122298057e+00,1.600971037113700257e+00
2.599543141534633950e+00,1.638441582068739244e+00
3.058474415244989864e+00,1.601463304875137439e+00
2.376671961876862582e+00,1.677169445311413210e+00
1.681611823437009878e+00,1.722946077665061360e+00
2.740387566243934536e+00,1.680405161481431042e+00
1.208998126823442654e+00,1.709139328493205712e+00
2.399453943002959111e+00,1.682698697117732012e+00
3.097471246686378521e+00,1.680149326765396411e+00
1.545960319405388583e+00,1.694710479347081078e+00
6.806679459598445892e-01,1.701738555337738434e+00
1.712165714038037301e+00,1.702237504680735203e+00
2.125639584330428544e+00,1.675217973754326684e+00
2.523651508705952562e+00,1.729468441386205368e+00
6.741661351206129638e-03,1.713537019762316982e+00
2.271194080099104617e+00,1.685759036119815146e+00
1.997618442915870984e+00,1.733969017344364039e+00
2.457071725952347130e+00,1.714701817654456839e+00
3.730652137624558273e-01,1.696876080993914515e+00
1.963126248264849494e+00,1.674129870184062119e+00
2.816325534233028005e+00,1.672660181018503334e+00
5.761034066857024794e-01,1.708169084367084922e+00
2.624651222755340019e+00,1.722390510773949446e+00
4.598707912722307944e-01,1.750720784254260920e+00
2.695149903963791616e+00,1.799042588191214209e+00
2.392224086740063704e+00,1.747256871373420006e+00
2.485784146525545690e+00,1.791347473606396123e+00
2.302941616204480013e+00,1.756631489355495512e+00
7.821633801566946209e-01,1.816081889140570560e+00
1.056941912886475654e+00,1.804040937188994054e+00
1.591464172119916309e+00,1.792579228685922121e+00
1.855080461484664989e+00,1.803107195119283412e+00
2.001326519654093250e+00,1.810596846365010837e+00
7.234076045220874662e-02,1.807330419304584046e+00
1.408054184952782562e+00,1.753837306599290935e+00
1.466727692658803539e+00,1.744746091298819746e+00
1.566016663917350948e+00,1.772689288114469575e+00
1.794297412346953280e+00,1.792010248824341012e+00
1.087060358940816762e+00,1.802452541316194701e+00
2.711552868859766985e+00,1.826778946928756309e+00
1.821008076201381609e+00,1.853066253577481559e+00
1.533261897888718472e+00,1.821381938937332245e+00
1.464579629691358020e+00,1.858690224163305871e+00
1.763883760682380508e+00,1.875640100629646589e+00
5.006974541673071544e-01,1.878419904100939952e+00
6.231448781562544115e-01,1.840546056519761553e+00
2.992849622684517819e+00,1.866180618979490280e+00
1.582889939328906870e+00,1.827283717909209182e+00
2.799519996891496554e+00,1.888195555081220611e+00
1.566100712172748599e+00,1.819346732573954517e+00
8.794768891116133691e-01,1.887661991019020213e+00
1.327001613464765750e+00,1.863386353301702103e+00
1.061283667717741963e+00,1.821857233246661156e+00
1.440704308110239751e+00,1.868121208329041716e+00
6.138875754515077388e-01,1.867627425177083467e+00
3.197157818874002411e-01,1.914282182219849027e+00
9.991478259292231323e-01,1.962468618770983220e+00
1.751919898597884107e+00,1.905399998303832776e+00
2.262534983402200606e+00,1.920952515725816712e+00
1.112201633870019801e+00,1.936887030528928078e+00
2.783694915273259074e+00,1.917959051586206387e+00
6.083914011979927317e-01,1.960722910523138518e+00
1.032541893304262492e+00,1.949111619935151252e+00
1.436855233953067357e+00,1.939587093968897946e+00
2.402709086008818939e+00,1.916261829098254488e+00
2.334578403581508255e+00,1.899005009304930214e+00
1.391670044047521593e+00,1.942735311648249530e+00
2.016998605985109716e+00,1.930444098160126520e+00
1.600193838250989264e+00,1.931669011535937175e+00
2.611199714693702489e+00,1.904430134101863237e+00
1.911626899707532301e+00,1.918814795830768860e+00
8.228356048854017502e-01,2.035908030665262824e+00
3.296523077426061210e-01,2.004872311511924465e+00
3.114200168977114380e+00,1.978791499274958676e+00
9.501843202091853069e-01,1.969909453411332612e+00
4.890801073359360429e-01,1.998178329293520905e+00
1.578883580899519135e-01,2.018436262613895416e+00
9.367599960236144829e-01,1.979418916760508962e+00
2.397450700685054059e+00,2.029110205783439369e+00
1.231186272824517314e+00,2.026395138969354637e+00
2.084373352956657488e+00,1.998333308329827362e+00
2.874909788505956687e+00,2.016559710816647311e+00
1.411135554789469282e+00,1.992389256039753809e+00
3.099058632492025511e-01,1.971280691547020680e+00
1.169564322806744494e+00,2.002189447960627255e+00
1.578374070135829532e+00,2.039064063445326092e+00
1.803491610255874456e+00,2.034733714644741731e+00
3.425830973213750408e-01,2.066224145814596458e+00
7.441995624215901328e-01,2.104773065331346338e+00
8.398177122530200989e-02,2.102208722236343696e+00
2.061911097252111524e+00,2.089405741659669413e+00
1.917715969813851062e+00,2.102932464857778960e+00
1.470665342854726720e+00,2.072712110860051471e+00
9.626098261444261395e-01,2.106755849927999247e+00
8.069756998174325568e-01,2.055930672512606971e+00
1.829267266725880026e+00,2.047705260101716718e+00
5.812289764162953398e-01,2.071619366266019391e+00
5.451770320910203083e-01,2.100160368500146202e+00
1.568727380879290978e+00,2.063134912578165281e+00
2.232605739062873962e+00,2.091822943654706446e+00
2.686833165795384115e+00,2.100484666197405037e+00
1.559269974500053557e+00,2.056894447948646398e+00
5.213665808150649839e-02,2.049633253774967745e+00
1.501784371083572656e-01,2.148739187426674579e+00
2.214130301521719524e+00,2.144754029628701097e+00
1.387630650877912819e+00,2.113419287878150143e+00
1.610727218112739667e+00,2.135933437476640329e+00
9.035220458269633825e-01,2.146909718358747998e+00
1.435721401357272553e+00,2.119613436923214245e+00
5.845516916947179897e-02,2.170718070915263809e+00
1.362860813616789013e+00,2.165239566589215237e+00
1.300452906502717276e+00,2.124742574338053469e+00
1.560749946425215473e+00,2.147564995798672882e+00
2.033243935231802801e+00,2.116524374390284624e+00
6.172014755394666929e-01,2.144575898069373210e+00
2.989682804774971281e+00,2.139826677463354088e+00
2.197844578043021802e+00,2.129197898465910566e+00
1.755701010750191582e+00,2.164223898883978592e+00
2.181653887171904671e+00,2.164642037027951105e+00
2.533442082686917285e+00,2.195951945562649499e+00
2.747562921742137565e+00,2.233197302566126030e+00
1.987631575874124978e+00,2.267036717417845626e+00
1.548745033724074904e+00,2.274605227838129018e+00
2.320518323847344799e+00,2.348528877206430554e+00
9.805786836594874156e-01,2.344696698127235468e+00
6.624337714839230173e-01,2.426556543906420060e+00
2.854354537986170115e+00,2.456937345173432874e+00
3.845924314328160509e+00,1.860234023382957291e-01
4.027850062417363652e+00,1.920672371482173846e-01
6.065129966667224259e+00,1.278145419108935865e-01
3.258010710138804722e+00,1.482918777568101032e-01
5.645568153359628027e+00,1.649084844717565723e-01
5.399667062951971630e+00,1.705745183033542667e-01
5.834958238228150407e+00,1.498989716128450445e-01
4.779324314705098331e+00,1.859764554365531675e-01
3.133235259254293137e+00,2.659972611367970585e-01
3.383712434885493892e+00,2.605015663092226652e-01
3.396816499957359348e+00,2.083890636485265235e-01
4.026283494912712868e+00,2.677201565058653365e-01
6.134994059304855085e+00,2.422625486009661044e-01
3.864298513028601612e+00,2.561848704394018572e-01
6.106380036571268377e+00,1.990922708039333244e-01
6.073273736531271894e+00,2.493929822021567211e-01
4.835008000204460643e+00,2.065658171885334238e-01
5.891662575644105004e+00,2.513898091784827482e-01
5.113263054432544585e+00,2.107766229496638166e-01
5.767460645807384267e+00,2.594207021484699061e-01
5.677811734663395171e+00,2.428103456584935482e-01
5.213557130894734826e+00,2.149253517952406656e-01
5.955126899062674006e+00,2.687757621432631527e-01
6.079728875325624671e+00,2.041354373945754030e-01
4.356127810932314048e+00,2.601998936593833411e-01
6.219618122317670306e+00,2.299268956265014263e-01
5.846728512081527995e+00,2.570652146127609949e-01
5.700412717278060981e+00,2.259371571528910883e-01
3.631751841063886488e+00,4.476331679445439415e-01
3.625790181675615287e+00,4.253952933985863938e-01
6.169859715399888422e+00,4.967517423609441041e-01
4.086610914769733149e+00,4.925636398605968136e-01
4.228106165021889851e+00,5.931357267491725871e-01
3.474799224669315567e+00,5.733059753961979865e-01
4.446131523326771529e+00,5.742220762683594160e-01
4.539659711945013498e+00,5.697119145405806773e-01
6.134051674874069882e+00,5.908582767635706112e-01
3.580906069840210204e+00,6.141417752626707749e-01
3.806482525512961068e+00,5.731408624555553999e-01
4.758852229451284721e+00,5.934608817589941410e-01
4.001780834048956237e+00,5.905929534467594388e-01
4.213097050746537064e+00,6.231887772182619356e-01
3.294165663018006285e+00,6.185919216892903361e-01
4.792576376091255419e+00,6.075075490739549888e-01
4.470788109301874869e+00,5.967874814122570148e-01
3.292045761613498378e+00,5.768937334263062322e-01
5.477764790466409295e+00,5.931424960533867585e-01
5.291167303218049511e+00,6.099910655379386926e-01
4.831337797891226415e+00,6.115236345248933336e-01
3.452145755021674312e+00,6.231451691354381595e-01
5.365014226382362139e+00,5.745359943589951612e-01
5.523655311002736212e+00,6.013280662467561655e-01
4.764364375535878438e+00,6.555083887735200232e-01
5.439046026893727515e+00,6.584279939100721180e-01
5.589959841139064523e+00,6.950989936881255549e-01
3.319609168638405716e+00,6.392817738808770356e-01
4.295434177748579607e+00,6.742356805748317417e-01
5.546482236882857464e+00,7.094549241320131650e-01
4.811934653038379750e+00,6.948395116628740542e-01
3.752868427561850240e+00,6.427443699714441294e-01
5.739067092107859480e+00,6.424267687715077280e-01
3.318944137752897205e+00,7.057939739252403477e-01
6.190299304412976156e+00,6.813559879443782386e-01
3.347730819483991205e+00,6.737650398677108576e-01
3.796669234125530590e+00,7.011390251606697266e-01
4.555533306901471846e+00,7.050549794065512632e-01
5.432216146278182833e+00,6.699866932265977626e-01
3.278581001500037395e+00,6.978343835718725519e-01
6.222568167997444277e+00,6.402238821892179965e-01
5.002661563978903381e+00,6.644594547800107831e-01
3.888542202949199389e+00,6.546863479512683437e-01
5.736079015341129406e+00,6.884064973881587335e-01
3.206913357045226842e+00,7.152942251301936949e-01
5.244270574333688373e+00,8.253427797910914965e-01
3.610675413590096028e+00,1.067864284671806718e+00
5.985120729393021755e+00,1.076416826530480320e+00
4.240517785864962086e+00,1.361652811762064097e+00
6.242495558423679647e+00,1.368805907053485260e+00
3.889735471037243819e+00,1.364309807698041777e+00
5.834638786304130242e+00,1.349618197743029491e+00
5.527256330301977272e+00,1.353577049460028547e+00
3.442556568463865485e+00,1.367792616513359150e+00
3.894939182327812333e+00,1.401210898249646064e+00
4.342546693507090438e+00,1.417677272230761787e+00
4.533538037945104016e+00,1.428252627706421585e+00
6.004623391763336926e+00,1.380984075945313805e+00
4.744519475820859533e+00,1.446453123257426032e+00
4.774706796241933837e+00,1.421696909720303825e+00
3.630606902556857030e+00,1.654539993835447920e+00
4.973501511477282477e+00,1.645717172381463200e+00
3.587407286898437686e+00,1.666321486187551715e+00
4.300394917144998885e+00,1.689247050984212573e+00
4.322171681190226877e+00,1.671656299966608916e+00
6.018661167104902177e+00,1.719325140251505957e+00
4.520525358984397002e+00,1.788236267103294086e+00
5.424160263502978196e+00,1.839282984237986307e+00
3.607162022075165009e+00,1.909877793909782406e+00
3.683782817648133090e+00,1.952951749350014143e+00
4.689476443313099097e+00,1.929888192962493809e+00
5.973081635867995232e+00,1.951499116381307353e+00
6.204049979072578935e+00,1.963760239349982673e+00
3.835103008802331903e+00,1.910738841587804826e+00
5.462823721605161609e+00,1.921021980260387618e+00
5.887908570506535710e+00,1.927716483645165235e+00
4.053059899322152049e+00,1.944465432683454731e+00
5.095015971996492254e+00,1.932860022039599279e+00
5.918047500046160536e+00,1.892609641053091707e+00
5.870917076925382005e+00,1.961638612612046195e+00
5.603945199227501561e+00,1.922643633939812746e+00
3.478046036379298656e+00,1.892781135339004495e+00
5.751715147558517316e+00,1.912064490166014430e+00
4.457571352336929138e+00,1.945090992460958512e+00
4.710419601043243532e+00,2.007791716768827506e+00
3.243879640270561637e+00,1.990100431866228980e+00
6.189299246461800408e+00,1.990703074152304408e+00
6.106798480023341469e+00,1.998330195461426317e+00
3.396271379421312631e+00,2.013739975583006547e+00
4.694676843285310319e+00,2.036647777768711087e+00
5.900635041880365250e+00,2.034150445374399485e+00
5.233497035357384419e+00,1.977844474003793040e+00
5.695821840716821072e+00,2.033886355410640778e+00
4.972741998384357487e+00,2.027142209429456443e+00
3.664023215823291935e+00,2.019481979436513530e+00
3.764987229421437043e+00,2.004333976624212532e+00
3.441375743351914984e+00,1.992121334894671802e+00
3.810114223600334693e+00,1.977904410658255507e+00
3.555524193675737354e+00,2.034475039619687564e+00
5.719121580913956393e+00,2.031793530757457500e+00
4.432241376608299532e+00,2.059975688602046606e+00
5.801854643903755715e+00,2.047230524264172402e+00
3.624744306484283918e+00,2.118876475213553601e+00
3.505335799840024524e+00,2.117490321996821301e+00
5.206768858563198599e+00,2.234596923072945884e+00
5.326997012027904432e+00,2.199857619600790848e+00
4.022002523960621190e+00,2.279889732963521709e+00
5.639218083899092626e+00,2.323686297693468905e+00
3.399167955508366479e+00,2.377444453284792036e+00
4.816930011269148437e+00,2.344752387038991692e+00
3.962755918062087268e+00,2.471216046015431100e+00
5.495302511130137901e+00,2.428616974912237492e+00
6.375510804611477234e+00,4.548064326232293397e-01
8.859807017559081288e+00,4.612565883202560668e-01
8.116170329019263718e+00,5.002363516524774845e-01
7.014156776082354661e+00,4.968857497231581322e-01
8.687163486061788120e+00,5.793986652614998567e-01
6.501750603362914660e+00,6.180308307302668780e-01
6.619065886503064711e+00,6.729816765677800738e-01
7.362982331524527524e+00,6.988060882654252293e-01
8.987721582935314757e+00,7.644897551258154067e-01
8.632501060985884322e+00,1.060308679860978209e+00
9.147761236491822601e+00,1.050423883775025269e+00
7.093735502397832349e+00,1.153816383729387995e+00
9.368376164873664536e+00,1.081921566278471136e+00
6.691347005496501410e+00,1.180098131258098482e+00
7.159822140468582674e+00,1.184697637890784971e+00
6.376452430162111717e+00,1.297088013267662543e+00
8.993913612168906724e+00,1.231526461635886527e+00
6.337292837185697358e+00,1.305140460413610981e+00
8.817121371637576033e+00,1.310533881322091698e+00
8.315958231177482674e+00,1.323786479345927525e+00
8.275431870918680488e+00,1.325439286062156885e+00
8.194039919086723245e+00,1.358542086578588437e+00
7.266621303633055362e+00,1.361190195399567315e+00
7.032111237932619829e+00,1.415642847623313161e+00
7.119637561376052304e+00,1.430820976758698793e+00
8.773451750660793635e+00,1.419981083316387060e+00
8.579029110664079028e+00,1.425262353081499622e+00
9.064244088470807981e+00,1.419266555831057097e+00
7.795549578522523504e+00,1.404841840699130762e+00
7.850134967210961712e+00,1.661358250136326875e+00
8.506519679215669427e+00,1.598875272054886443e+00
6.442895417813763181e+00,1.610654539104964256e+00
7.989442601732582361e+00,1.730443688120323564e+00
7.236897970323884266e+00,1.764097221081979860e+00
7.504929396312292944e+00,1.862188002942658738e+00
9.054441415789781900e+00,1.914751804140231606e+00
7.456156903510200884e+00,1.905676319868701452e+00
7.893650169953653872e+00,2.019739785176708047e+00
8.483573625575722588e+00,1.980175708042476002e+00
9.051681079309883415e+00,2.061000300452765721e+00
8.603735802140203504e+00,2.046388354867820780e+00
8.585146220067343847e+00,2.145661880991758252e+00
9.104757068045326918e+00,2.132161715283639847e+00
8.779648464597547886e+00,2.189917753207991424e+00
8.821488577501487072e+00,2.211416054102071982e+00
7.125380546654390912e+00,2.297391707212884882e+00
8.424300125967352670e+00,2.267751359460472127e+00
6.710217354749048013e+00,2.374238087972283751e+00
6.280480576594813513e+00,2.366125326845072152e+00
8.170312247905984648e+00,2.425511839439296935e+00
7.579000520205296354e+00,2.436200957116209764e+00
1.246440781299792455e+01,4.796143980077193225e-01
1.038750502060132241e+01,4.285670703123262704e-01
1.110009848059473114e+01,5.216442401667972240e-01
1.241320003221369106e+01,5.378860005869596783e-01
1.146733199971696138e+01,5.683119195380876842e-01
1.075267747553341202e+01,6.204555431681675337e-01
1.201291658476930380e+01,6.876292992391408454e-01
1.182698746355867492e+01,6.903052724471316903e-01
1.126614767370518599e+01,7.345914527611531186e-01
1.216785356417810426e+01,1.025541242682705745e+00
1.071516451016200477e+01,1.035579548939667083e+00
1.041397987056775953e+01,1.102133144269740850e+00
1.058466713841059281e+01,1.110566765394041200e+00
9.734734184805844848e+00,1.223585285613530971e+00
1.190327228674599525e+01,1.226092411355898637e+00
1.088172767223884385e+01,1.229748984709083670e+00
1.078274885193786758e+01,1.267264165679831578e+00
1.120983749009891994e+01,1.658841122214386621e+00
1.170259378843470444e+01,1.644548297242362622e+00
1.028692138128299938e+01,1.598205136933918080e+00
1.054661947010444933e+01,1.713117168949081170e+00
1.171269508189410402e+01,1.763197592893869903e+00
1.065917782222395260e+01,1.891230233054586041e+00
1.222714166870630592e+01,1.902971111374018642e+00
1.002140230782681840e+01,1.913395285885947761e+00
9.532682020007060331e+00,2.014567172388704641e+00
1.039056999971381146e+01,2.026857638584024901e+00
1.213022709063028159e+01,2.039427923938929688e+00
1.217213385415956495e+01,2.044289375195873060e+00
9.382582066090845885e+00,2.176222746635290139e+00
9.927945942181359840e+00,2.128777826445419130e+00
1.112496027248982955e+01,2.191988106789182211e+00
1.192273322578995121e+01,2.217835883869438973e+00
1.179407443098384434e+01,2.286678928516614473e+00
1.184955140341050850e+01,2.282017475781065841e+00
1.176477717564339898e+01,2.393430897252596168e+00
1.041314540320087190e+01,2.358753286741386290e+00
1.126250535343738690e+01,2.440763287458090680e+00
1.169136775011751084e+01,2.423557933415479759e+00
1.417316012435343175e+01,2.968029701762424644e-01
1.512416936893154684e+01,3.431855059218650306e-01
1.342653274073134462e+01,3.651621398319754297e-01
1.532401327100716770e+01,3.705261756770746873e-01
1.538780306997375291e+01,4.834922337286501337e-01
1.333329241857668812e+01,4.252726400796856265e-01
1.256871236669512015e+01,5.192393868070096508e-01
1.484840871460322376e+01,5.342410419573841995e-01
1.337777118049058878e+01,5.913564376934173916e-01
1.511950634085913947e+01,5.974010402300762301e-01
1.543728237586421237e+01,6.651054553359485588e-01
1.293368658372267710e+01,6.806440129092585778e-01
1.502931918751550633e+01,9.007327016903987627e-01
1.316725144827193539e+01,8.732084745229563572e-01
1.337691745678888999e+01,9.522285382385557995e-01
1.432438961283605572e+01,9.479161792592379898e-01
1.414371361303736663e+01,1.035460427256267080e+00
1.344345795489007855e+01,1.067305235831535359e+00
1.412154365286398594e+01,1.132150374343811494e+00
1.478882080020199830e+01,1.100218000228566639e+00
1.438440992932361695e+01,1.174794204518807561e+00
1.496625843908323361e+01,1.181702513484042649e+00
1.441974380479184070e+01,1.295004431747530438e+00
1.496675189228390046e+01,1.291599710211994267e+00
1.552737096063667899e+01,1.305147457051798021e+00
1.451788594643245212e+01,1.336212818986898698e+00
1.445669958438493730e+01,1.326219737142790622e+00
1.287030500521235687e+01,1.330400063074131722e+00
1.498389978561666958e+01,1.323812595678995896e+00
1.306578393374499214e+01,1.334941200480237455e+00
1.356836931607475627e+01,1.407894104097033861e+00
1.535302133072893760e+01,1.416592914110909707e+00
1.448979481277894621e+01,1.437198400273082655e+00
1.530117004169953532e+01,1.383343246759979994e+00
1.338279832779408807e+01,1.394406766504934891e+00
1.335615676171161326e+01,1.418587590553659794e+00
1.447014266738118415e+01,1.455866161480315002e+00
1.304127447512053983e+01,1.449883535262780354e+00
1.498589511989321288e+01,1.493095271670993540e+00
1.336238797881794760e+01,1.453099619831633049e+00
1.500716936907816823e+01,1.457051755900062195e+00
1.309587616704505919e+01,1.491256472226164975e+00
1.347604726650692086e+01,1.601839619592730912e+00
1.372260236355725205e+01,1.667329103965946135e+00
1.259620248937372367e+01,1.597954702460528287e+00
1.329537714687548444e+01,1.666336427296543299e+00
1.558933902582209896e+01,1.621002444914576568e+00
1.435108826423679140e+01,1.622915673585184848e+00
1.355494469680757064e+01,1.715510356950969317e+00
1.433515189548631596e+01,1.741295814174702361e+00
1.344383924505289585e+01,1.733690919475303627e+00
1.462482222160370426e+01,1.715369737585187071e+00
1.553875275075872509e+01,1.740756898900013727e+00
1.504491226969274464e+01,1.676207685309413664e+00
1.391365218563425543e+01,1.765708308253644443e+00
1.384330628201250057e+01,1.754297338102306369e+00
1.560232169980851324e+01,1.803438082779240670e+00
1.283154605222540567e+01,1.815705417897888641e+00
1.373875980718367096e+01,1.811584620648314381e+00
1.357891963066903962e+01,1.768352615536236128e+00
1.506362961553602986e+01,1.820452053538822224e+00
1.304080224073756789e+01,1.834095280718452070e+00
1.488275559505986045e+01,1.858757613675448450e+00
1.553525131715212559e+01,1.888507902320277321e+00
1.449166114788578241e+01,1.859351329320112711e+00
1.527540117835285294e+01,1.874516201127065962e+00
1.303082557304263212e+01,1.913655547878765129e+00
1.365983681684917883e+01,1.964248666387712561e+00
1.506165953678853242e+01,2.008802375599173740e+00
1.274682221048013098e+01,1.965790165374217802e+00
1.313901660235993063e+01,2.046056725880456728e+00
1.345352173888645453e+01,2.091322932053416572e+00
1.291640059929317452e+01,2.047702385149991144e+00
1.341181563596265391e+01,2.142458679246093567e+00
1.357140074831480980e+01,2.166848177013276810e+00
1.442949825855531287e+01,2.153147817571309464e+00
1.337880019894814509e+01,2.178523544846501014e+00
1.257645027139097316e+01,2.149801158183778149e+00
1.285003222714133386e+01,2.124078952967336065e+00
1.482585464338047032e+01,2.121962928705242390e+00
1.361481472053316644e+01,2.178624485351241091e+00
1.388787284777671971e+01,2.170127702013995741e+00
1.457729083082430144e+01,2.138138273233699316e+00
1.396513786988035122e+01,2.174699322030929416e+00
1.266103187185707135e+01,2.126566833155719483e+00
1.427656699071200208e+01,2.173140520240974816e+00
1.253260905243929813e+01,2.134438174370084873e+00
1.299739494094967718e+01,2.123210047144446833e+00
1.254477304556251305e+01,2.130138379897144940e+00
1.418472964201447262e+01,2.254294211508168555e+00
1.471218050839082991e+01,2.197196052682846901e+00
1.508394452133197383e+01,2.294629491063731042e+00
1.439919667139351667e+01,2.330774524225464717e+00
1.255974040243421896e+01,2.381751686548994051e+00
1.456512325713579159e+01,2.351480561712490758e+00
1.401955929067024798e+01,2.459229720671195718e+00
1.411551136218518465e+01,2.445291806139200386e+00
1.780469183127658539e+01,2.819325688896937021e-01
1.774295948924266497e+01,2.875515271255386640e-01
1.670347481440046877e+01,4.143494768428959141e-01
1.825462672055493130e+01,4.162268164731967035e-01
1.632826443114387871e+01,4.833920600598185513e-01
1.810647885992820250e+01,4.783415972316140130e-01
1.718468941840328057e+01,5.194550244899409641e-01
1.651010898210321542e+01,5.633378926673995313e-01
1.562560524653189908e+01,5.812949037850929646e-01
1.814411355787876090e+01,6.181968822071726155e-01
1.748737131710494097e+01,6.660587084416279557e-01
1.782391907743021875e+01,6.424577727099456403e-01
1.794456095570761178e+01,8.719243753039322975e-01
1.571843198608014447e+01,9.066650865151781868e-01
1.828017998030203017e+01,9.783790438061893413e-01
1.836722144673884927e+01,9.796599088496117380e-01
1.785098201149229524e+01,1.070054294364792380e+00
1.685000323978234604e+01,1.063404969609169637e+00
1.589450191386574751e+01,1.135585607919392226e+00
1.770960576998362512e+01,1.121942589298821069e+00
1.822759059925320457e+01,1.156029100066067627e+00
1.677169037890512726e+01,1.225490981861700579e+00
1.790097581938123028e+01,1.268631021100885325e+00
1.872053058015141858e+01,1.291596159535139066e+00
1.778151638358420783e+01,1.348316023388758111e+00
1.732989013499181397e+01,1.351938948665426521e+00
1.846939616353766667e+01,1.310356205882539316e+00
1.594953832603662747e+01,1.339934993168761856e+00
1.661869465665430567e+01,1.368421250769588093e+00
1.808647159235820467e+01,1.302730918353036227e+00
1.634587121778065111e+01,1.401833872922743307e+00
1.687219106775428301e+01,1.446941886561395219e+00
1.780258049764119477e+01,1.426479809340621019e+00
1.593897495767696704e+01,1.383746874952037409e+00
1.728457008424436125e+01,1.408930850162839032e+00
1.669948349702523416e+01,1.382799089072603849e+00
1.658332536312519068e+01,1.484712862475938921e+00
1.624295786933159036e+01,1.492775154212893307e+00
1.763069927773836909e+01,1.517856644051286175e+00
1.810165476612071345e+01,1.497462913649094451e+00
1.588891054539305259e+01,1.473097922616380284e+00
1.629890070855189066e+01,1.515493382379099918e+00
1.691752848504267703e+01,1.613014823558613475e+00
1.861642623990294609e+01,1.625284503536973402e+00
1.723107363226725397e+01,1.635262658745709974e+00
1.846378368525201807e+01,1.639277228682161525e+00
1.706914903754141477e+01,1.614803405060571961e+00
1.839056635928747951e+01,1.611775394395712269e+00
1.822929196681597475e+01,1.715402556138751589e+00
1.710918628341201853e+01,1.707019297268593583e+00
1.776503609832671060e+01,1.689699216154175287e+00
1.734133526032821848e+01,1.686100748509524960e+00
1.789397113167020947e+01,1.703340104690944878e+00
1.635617798256166111e+01,1.738350967535339686e+00
1.751375358207979360e+01,1.812581419948097849e+00
1.664007736586479069e+01,1.756981501798017042e+00
1.606990932009197692e+01,1.749654408025665075e+00
1.825567889247481901e+01,1.791788348568446487e+00
1.829390885814205703e+01,1.809256918894280419e+00
1.613239983907933706e+01,1.786542490258676619e+00
1.786603184382291687e+01,1.830136676546785912e+00
1.718441057275980910e+01,1.865804535010918697e+00
1.702615419742944169e+01,1.874468856205560918e+00
1.775423777184976615e+01,1.866074819908506432e+00
1.677191754155223435e+01,1.884734611998509779e+00
1.817596570256466038e+01,1.849232940848325013e+00
1.848194798046739962e+01,1.922317242840572593e+00
1.770849085102990728e+01,1.942783465134438670e+00
1.727570914160524396e+01,2.037637907571927087e+00
1.728673985579861849e+01,2.017345275018660455e+00
1.725354780395556276e+01,2.076872126651979400e+00
1.606584904322305007e+01,2.051570615403604858e+00
1.726432574323249369e+01,2.105870272684303046e+00
1.843955611057564425e+01,2.116630269357554273e+00
1.640213386545176277e+01,2.136167408947410529e+00
1.740507781329652204e+01,2.184711156313521752e+00
1.855646207797391867e+01,2.238646082865311637e+00
1.586868999184979501e+01,2.201648628326754231e+00
1.697268981010588718e+01,2.314371342719518942e+00
1.783533296692312931e+01,2.325200045015748174e+00
1.862363205519704579e+01,2.364432222276868334e+00
1.849840934102140722e+01,2.340854729648741639e+00
1.822869485719871108e+01,2.410584198982778759e+00
1.832700521003988570e+01,2.469995405765940788e+00
2.055172793512887708e+01,3.901705581986711913e-01
2.158741051496391350e+01,3.635039444558799127e-01
2.136904019028238721e+01,4.744369463063479730e-01
2.053565960238396926e+01,4.468825761611351366e-01
1.961587693503545538e+01,5.032092363890977582e-01
1.984581545518528145e+01,5.236407859523759534e-01
1.913237430601217071e+01,5.958199136137218854e-01
1.994617361025060021e+01,6.002679048928815098e-01
2.130634888657928983e+01,6.935048590877669339e-01
2.174084618864989338e+01,6.634494147374236928e-01
1.938006898966858671e+01,7.641634229306699666e-01
2.095357894870619830e+01,8.537199725022401875e-01
1.946297563549564913e+01,9.260852018050451662e-01
2.076011690175444357e+01,9.205872161372244955e-01
2.027466596789713194e+01,9.790413123484607016e-01
1.887891102847955693e+01,9.945720487106226582e-01
2.174916534423557479e+01,1.077585252487170520e+00
2.046232951898048924e+01,1.077497310524885954e+00
1.926014547019520151e+01,1.123354724247239478e+00
1.923820101263774518e+01,1.098831138609146052e+00
2.181670996729006617e+01,1.209323506801261994e+00
1.878509718206109369e+01,1.204145311105988103e+00
2.174351116966358077e+01,1.229789327986093195e+00
2.029724141892554812e+01,1.281511371864132887e+00
1.921846042399324972e+01,1.322180402661638166e+00
2.120629536607629717e+01,1.354796236921703034e+00
1.918303868363643616e+01,1.307263350948621117e+00
1.938982085148512979e+01,1.370049933557745847e+00
2.066557678142169152e+01,1.314661760935041723e+00
2.167407175394522412e+01,1.331456940249533982e+00
2.068524289519111647e+01,1.431165755219053537e+00
1.938604132006184955e+01,1.435272301800648354e+00
1.931619824148246067e+01,1.440801256792208385e+00
1.979168303491335124e+01,1.428611369162037015e+00
1.935547844518547578e+01,1.385867703506353577e+00
2.105097375641759072e+01,1.405535702509167262e+00
2.101986161854846102e+01,1.514811033940792084e+00
1.916584613649350288e+01,1.491183116794824626e+00
2.020235872513317688e+01,1.470818216760723107e+00
2.133942019538757862e+01,1.449663008904315431e+00
2.004654584262652506e+01,1.491719160627049678e+00
2.049389908548517880e+01,1.492459809957654038e+00
2.178657087986039542e+01,1.570362581688232062e+00
1.907350952032416913e+01,1.530104643324448066e+00
1.904239881181106142e+01,1.546116094727993717e+00
1.921295355643649572e+01,1.577806373677526297e+00
2.186208009764664340e+01,1.558620189847866211e+00
2.010858540123202687e+01,1.580184386589837287e+00
1.944709218183847099e+01,1.635857848283174709e+00
2.147733620544301303e+01,1.669243913438541949e+00
1.888116418686486853e+01,1.657621177007613911e+00
2.102874382803185682e+01,1.607166830566620463e+00
1.932976123396240808e+01,1.638830814027244287e+00
2.034175851813316882e+01,1.618080677858682925e+00
1.954961998036402449e+01,1.699413808468664300e+00
1.956096156514801976e+01,1.673020465205160789e+00
1.963297427058686750e+01,1.739224721094750681e+00
2.071775236308637957e+01,1.692493142061935796e+00
1.925831614567943362e+01,1.723156243652597563e+00
2.027273136692846833e+01,1.694838417136448339e+00
1.939150099081264855e+01,1.752130487398762648e+00
2.077686694910068255e+01,1.813924291016792090e+00
1.989317798586976949e+01,1.810638401672383546e+00
2.083433272947326742e+01,1.773071955360988161e+00
1.876355513286721077e+01,1.797617571212395182e+00
1.875834417397975429e+01,1.774927855933744691e+00
1.924717175152339621e+01,1.861478601183987891e+00
2.078515948488701426e+01,1.844818690205707767e+00
2.110914075029636905e+01,1.879853536985314655e+00
1.966990953740491577e+01,1.846037246297755008e+00
2.027667289283516183e+01,1.840829925671503497e+00
2.180479272536822677e+01,1.846951509672604352e+00
1.970997743888457876e+01,1.914131844399224125e+00
1.932670405952798376e+01,1.924452345030839950e+00
1.917173359072918259e+01,2.028702402541826988e+00
1.950874655719229622e+01,2.031181110396393485e+00
1.915808691899333027e+01,1.976297263389157566e+00
2.006698937482688194e+01,2.083680306826884543e+00
2.134586205529025094e+01,2.103226369530543760e+00
1.912171918174458796e+01,2.091914329194060951e+00
2.120564668490617777e+01,2.116854124439518703e+00
2.113906444139749041e+01,2.133434255847607375e+00
1.885838640794289134e+01,2.164729355088578888e+00
2.123627045755584319e+01,2.218718032926346950e+00
1.939736588679615892e+01,2.234772819399662325e+00
2.073182843205029258e+01,2.319148168843801372e+00
1.976012149355060998e+01,2.290157710236774058e+00
2.050744955514969092e+01,2.359010803786249166e+00
1.956534706352814013e+01,2.407067727726590611e+00
1.951379571278990710e+01,2.409765870289045875e+00
2.109610921535390560e+01,2.430904941691596655e+00
2.189114040425512542e+01,3.689324478875171121e-01
2.363432451219588870e+01,3.702573804156275017e-01
2.328854268416024809e+01,4.253917101415941593e-01
2.349639122364528632e+01,4.853120997861258834e-01
2.343273500586039759e+01,5.188830895907914353e-01
2.305311653662435845e+01,5.586484700325907715e-01
2.458221440781957412e+01,5.836899626031666344e-01
2.493111357145558316e+01,6.352073642788865770e-01
2.377858481924219447e+01,6.502102127412110466e-01
2.395994294400428259e+01,6.636343865594996894e-01
2.228361176864539672e+01,7.753557274107945041e-01
2.407978561111846716e+01,8.331779062862422203e-01
2.370978836128533374e+01,9.025786734758006746e-01
2.250594392120486731e+01,8.930395035977108931e-01
2.466690489781570150e+01,9.387160726526559973e-01
2.217797857902865388e+01,9.549333615816735232e-01
2.442903984840424059e+01,1.040429373676741154e+00
2.274355064930620074e+01,1.015946405410490749e+00
2.256443924437605375e+01,1.114426137686032714e+00
2.497233029238750390e+01,1.108178861918967861e+00
2.232667078277589212e+01,1.157092336361299934e+00
2.403919347112011451e+01,1.216824919174592345e+00
2.216670233572831705e+01,1.233511316150165404e+00
2.353876551739119449e+01,1.270709826741019066e+00
2.266318550669206644e+01,1.309143089529562598e+00
2.296687551030023755e+01,1.332312691788883008e+00
2.320207966970475155e+01,1.368724330283168422e+00
2.484194765589200671e+01,1.358370397623269721e+00
2.218592545529837068e+01,1.305950931340067678e+00
2.316826525655945090e+01,1.355854293307188874e+00
2.253256771772605305e+01,1.437730926393321784e+00
2.372269535802346851e+01,1.404100111792387695e+00
2.328114342817906390e+01,1.399705432095008639e+00
2.258903797832942217e+01,1.431075736885329297e+00
2.398600963431200483e+01,1.447174453744360267e+00
2.188580756200714106e+01,1.423252098819148603e+00
2.299369946072981463e+01,1.483244802612283086e+00
2.302648217986006074e+01,1.474475652502489131e+00
2.434936454841695763e+01,1.520476950329190613e+00
2.369077416459153795e+01,1.515714151981037983e+00
2.432010926965053699e+01,1.500201271407400450e+00
2.425556061119778306e+01,1.451047164702965464e+00
2.345219488380610073e+01,1.576944487622133018e+00
2.489011950875627122e+01,1.582021341019195226e+00
2.212758927783674778e+01,1.562983710037532115e+00
2.475170882711682552e+01,1.584073970114878716e+00
2.222482455606552776e+01,1.533502518054357999e+00
2.354375001715263593e+01,1.572250606552847652e+00
2.335506765497782311e+01,1.642261128016156535e+00
2.324564403975990601e+01,1.633880936100966297e+00
2.464337500697934757e+01,1.632147197444412834e+00
2.482452147091939310e+01,1.615552634547944288e+00
2.282941005986165806e+01,1.615757183864783508e+00
2.223095933799179491e+01,1.650485650397989890e+00
2.367418863036148480e+01,1.706716291532791363e+00
2.190386128557580037e+01,1.676511068457524622e+00
2.408506372485071623e+01,1.696535546016505247e+00
2.269522573300027801e+01,1.672937780028940002e+00
2.483189728962992504e+01,1.693056964497769767e+00
2.207013133467331656e+01,1.689046194203759343e+00
2.363047739457655183e+01,1.816471732795013727e+00
2.452992412259372301e+01,1.744856833235215676e+00
2.473613925226663213e+01,1.782918007844282338e+00
2.304364636098810593e+01,1.766436477651621040e+00
2.207303606445163169e+01,1.806208413691573478e+00
2.317396278452672576e+01,1.798416568035994700e+00
2.490850730272762092e+01,1.841665045420493030e+00
2.311699382958110505e+01,1.854217563471904695e+00
2.217496037575415002e+01,1.835865321242689419e+00
2.454022653266764920e+01,1.875752209486013289e+00
2.239548050657231570e+01,1.876546098900418125e+00
2.491097677420508205e+01,1.845467350979679066e+00
2.282297020548296729e+01,1.918655529266617643e+00
2.299456532825710298e+01,1.916128633366136480e+00
2.351901029699809342e+01,2.004624776235583994e+00
2.495165280601050029e+01,1.995537576318028972e+00
2.241143686647705380e+01,1.977617388583263081e+00
2.221105735862426300e+01,2.019170287614898474e+00
2.463559592692216071e+01,2.038564025849464389e+00
2.473985066922254816e+01,2.036825581846447797e+00
2.486895356601020524e+01,2.008719760172470004e+00
2.362068218114653817e+01,1.980117224821650757e+00
2.401693317035305597e+01,2.037062013295214413e+00
2.418003824298706661e+01,2.013446007252460479e+00
2.479468806046594054e+01,2.024131499813091928e+00
2.441675996602697651e+01,2.076346457353301922e+00
2.400368116601686452e+01,2.088750810399919278e+00
2.261418821132487267e+01,2.092744922769698590e+00
2.358239183480763046e+01,2.174127306094319589e+00
2.187546989782396167e+01,2.140714332347982918e+00
2.297051594621345316e+01,2.175347702472945954e+00
2.305169212792812417e+01,2.256998435971463213e+00
2.392219722330690956e+01,2.200914204053251666e+00
2.384797752546754168e+01,2.293419238934466531e+00
2.436318252109877491e+01,2.270851997088806584e+00
2.409213310182708057e+01,2.385697071892343590e+00
2.468782174537761165e+01,2.378037035983777692e+00
2.348502687697531144e+01,2.468731780018867283e+00
2.496681685618600710e+01,2.427562844152734822e+00
2.714024077683990299e+01,7.730479159992875715e-01
2.576497206906834236e+01,8.350921475439035957e-01
2.753718173349464138e+01,1.356396473868583197e+00
2.733080230816134559e+01,1.317307739135523681e+00
2.531663684933727509e+01,1.432791554305090198e+00
2.504631204888818985e+01,1.405983499730684372e+00
2.535608204502554841e+01,1.454148764500923674e+00
2.687775253545069276e+01,1.463687824748050259e+00
2.779937956635981777e+01,1.542524841271370351e+00
2.768572549458721710e+01,1.570148347748512974e+00
2.657180912765519665e+01,1.612083443225055035e+00
2.728828044931956853e+01,1.645823708493614701e+00
2.680848707468155467e+01,1.713364403794822133e+00
2.580186138218862624e+01,1.741421779805858217e+00
2.544003932329043849e+01,1.781896223364159759e+00
2.532429424606496937e+01,1.766166764644252041e+00
2.516688457246340604e+01,1.797070803987871335e+00
2.809600542412941238e+01,1.808402674338168703e+00
2.772450595636145820e+01,1.792579243934213862e+00
2.530581965364655517e+01,1.784890927812167405e+00
2.528240625234666439e+01,1.868783196018103832e+00
2.607694454378017923e+01,1.825576582101082757e+00
2.528401625662456809e+01,1.864761465059395995e+00
2.742543758919041608e+01,1.824927932849982337e+00
2.578528172044868327e+01,1.854082256684563390e+00
2.645598288220390515e+01,1.827925140385731062e+00
2.651204101109496847e+01,1.936827090163169673e+00
2.686985004475001659e+01,1.927004052652719235e+00
2.553220196991624036e+01,1.988699614779454894e+00
2.774047240885282761e+01,2.034071798043431301e+00
2.720049721260870612e+01,2.084223594348844966e+00
2.802546354917788562e+01,2.050195850234145301e+00
2.544742634834831563e+01,2.164010800777419252e+00
2.782180884812907351e+01,2.172421864368299094e+00
2.812231400527017655e+01,2.205852226187236198e+00
2.562766654607988670e+01,2.210693517638709693e+00
2.566307423218464834e+01,2.287603759970251449e+00
2.658434912342426060e+01,2.275499470369150234e+00
2.696488502798130682e+01,2.376797800095327151e+00
2.572121473453861640e+01,2.338321744143081915e+00
2.517426469697663194e+01,2.426493051395707479e+00
2.617971233273439324e+01,2.469616668857319119e+00
2.546424439647631388e+01,2.426152344611471889e+00
2.827985587802564638e+01,7.306181701929990169e-01
2.874856553993660313e+01,7.973866958780937431e-01
2.828427780388667756e+01,1.359126693773121008e+00
2.864988739864443446e+01,1.342063730545505429e+00
3.094947422998205866e+01,1.398797265794941458e+00
2.896551264526300784e+01,1.434735460653026928e+00
2.988617945272969578e+01,1.491914327440582388e+00
2.823611573875215441e+01,1.465257421616814604e+00
3.069449548735655497e+01,1.568313589522937201e+00
2.963848121755430043e+01,1.541036647677625604e+00
3.104445996160841759e+01,1.655554752474519775e+00
2.920413445230454030e+01,1.597623961653910962e+00
2.854966166316970444e+01,1.693235310317626752e+00
3.023387370709124156e+01,1.741842635834804476e+00
2.896898058051121438e+01,1.801913737301117591e+00
3.009149698164192444e+01,1.805728258654882623e+00
3.071649246917785447e+01,1.812565957909174630e+00
3.041142244464762712e+01,1.786786135590990865e+00
2.928232605172534520e+01,1.811717076138265270e+00
2.878003958985959798e+01,1.796761978573371499e+00
2.948550243871337173e+01,1.774482216781800181e+00
2.964804264938449307e+01,1.794400155294869403e+00
2.858562020798688863e+01,1.759587383893919110e+00
3.036772819312737326e+01,1.889996484665106724e+00
3.019431006388904848e+01,1.845364013744079656e+00
2.871638118409225271e+01,1.888454580398646110e+00
3.027833377783263202e+01,1.886004031958196547e+00
2.940001532535961815e+01,1.867216234987042700e+00
2.896408495506316072e+01,1.858019824636700346e+00
3.036859090455053334e+01,1.847154099385372783e+00
3.026079330044474958e+01,1.882246549022412729e+00
2.926739349135393553e+01,1.858533231212180059e+00
2.891285254384112235e+01,1.941009929070111273e+00
3.063861435452152548e+01,1.941161152968973624e+00
3.122996561112668701e+01,2.030364115020279137e+00
2.916383158011565158e+01,2.019987486776351204e+00
3.076513155886654971e+01,2.109016385825002615e+00
3.103304273114861545e+01,2.041257138264754190e+00
2.930392680237728342e+01,2.145517218488237621e+00
2.999292110434839032e+01,2.161901620044094585e+00
3.050194008056923067e+01,2.258363042664543130e+00
3.119907220880630305e+01,2.251411941629094748e+00
2.977913603638799600e+01,2.308116336853804906e+00
3.088899133762335580e+01,2.264805304128937546e+00
2.960180326771208570e+01,2.394464389437171548e+00
3.025931642552099632e+01,2.384637322226740075e+00
3.082445519463897909e+01,2.480223264123074145e+00
3.121643768956739962e+01,2.477061172307455372e+00
3.038632076492224598e+01,2.416231787154813571e+00
3.240799344296814155e+01,7.641751120014835807e-01
3.321422200252150958e+01,8.573901167038853188e-01
3.427665219753399128e+01,9.321248068419996091e-01
3.407266174276715276e+01,9.820759981179791875e-01
3.277622505978976619e+01,1.340492735253688839e+00
3.266537209782089235e+01,1.315591329693583056e+00
3.250544005153274441e+01,1.394923225102964626e+00
3.242323334021885728e+01,1.380659119813566704e+00
3.149515628618059537e+01,1.477320812455740651e+00
3.177710557720285323e+01,1.575354641052864491e+00
3.163897004245782085e+01,1.641225318198419769e+00
3.408443124214072384e+01,1.655014615954102819e+00
3.327278774858483246e+01,1.737094707182077258e+00
3.156312940809969092e+01,1.707824812104863366e+00
3.422232025180746717e+01,1.674057348949697932e+00
3.250202559579465600e+01,1.727614775105849931e+00
3.397791589967995662e+01,1.704553756128216913e+00
3.389180282067333394e+01,1.741473559558197826e+00
3.321440948421710715e+01,1.722847546440460231e+00
3.245330209487652695e+01,1.737338187584604787e+00
3.289289326010900538e+01,1.737581849910440068e+00
3.161988833505275309e+01,1.797054962345178808e+00
3.344338204906078715e+01,1.789452132089137448e+00
3.159305199961638877e+01,1.775885463094846628e+00
3.153793267849977155e+01,1.777589294948682674e+00
3.163525070327795774e+01,1.750095277579835740e+00
3.277096355004577788e+01,1.769280126606640247e+00
3.315089482598685322e+01,1.761364014874523987e+00
3.318294482157135405e+01,1.751763414543036745e+00
3.428795095427160078e+01,1.789260038626179217e+00
3.146782012625409308e+01,1.868208886827944282e+00
3.262554102012742163e+01,1.838615209825777974e+00
3.324977553582751710e+01,1.828526608848959567e+00
3.220166816964155743e+01,1.868854084362748358e+00
3.308251478525754408e+01,1.866635382643807128e+00
3.352439385617728362e+01,1.857351224492950870e+00
3.287018340574872610e+01,1.885580866243658837e+00
3.126530365480036266e+01,1.819021350669864479e+00
3.128866478982077481e+01,1.834092294108581545e+00
3.195509204708280393e+01,1.901230450736897115e+00
3.159882464317195883e+01,1.963602675410191178e+00
3.284625025513525998e+01,2.002724517384003811e+00
3.342031899702049458e+01,2.012991816041048043e+00
3.347086855326203647e+01,2.039918791604438564e+00
3.157469655419409094e+01,2.111651005253660784e+00
3.389930733262987417e+01,2.132359999000438044e+00
3.148661499300439104e+01,2.125250794792154174e+00
3.205872270613050290e+01,2.214129450493760309e+00
3.202896011481072236e+01,2.216166161435431992e+00
3.239307851314678999e+01,2.275074414371821785e+00
3.371242309085200617e+01,2.263182107140372157e+00
3.188872074850585037e+01,2.350591472375210156e+00
3.400464800165800483e+01,2.476006726621668541e+00
3.632784097358565845e+01,7.128671832696181765e-01
3.546959339822802093e+01,8.297342321885889938e-01
3.643937014198983348e+01,8.862183587008265473e-01
3.576544579561878834e+01,9.445955531428006369e-01
3.634566737779108792e+01,1.313117290390293679e+00
3.596588113184144930e+01,1.409294628753708922e+00
3.706457881845121705e+01,1.521165411844199067e+00
3.666502744777137224e+01,1.557436526168226809e+00
3.559729109012989312e+01,1.613708588764024121e+00
3.526642623975058655e+01,1.608839816775280207e+00
3.713227194027347622e+01,1.711887365027367824e+00
3.727375250873472368e+01,1.673642863098854683e+00
3.609035850319087757e+01,1.734400375670803962e+00
3.589309684129011657e+01,1.675183656406066923e+00
3.690326353036978446e+01,1.732915666212065053e+00
3.530249646379380835e+01,1.677991672770043685e+00
3.629194118457854756e+01,1.742484842850769100e+00
3.636639817796748275e+01,1.704499533211923712e+00
3.495912439153809004e+01,1.706203838189473077e+00
3.448626189097388561e+01,1.806189021346272128e+00
3.743317606241304674e+01,1.803503145972680910e+00
3.443089433041185998e+01,1.783902301102210153e+00
3.552403257333443776e+01,1.760690227862143242e+00
3.627841285933073578e+01,1.778593228724861364e+00
3.551837604123181791e+01,1.809270901762429107e+00
3.538270701883251235e+01,1.755624832871071517e+00
3.564111257742914773e+01,1.781544530701904883e+00
3.522164137655300209e+01,1.771262252723947883e+00
3.461922744191206647e+01,1.831290631593040175e+00
3.674753829205900502e+01,1.825841173983758337e+00
3.739303245440989798e+01,1.861181455154842235e+00
3.530655584591667662e+01,1.867763638292477824e+00
3.467880486302294685e+01,1.832119541684944730e+00
3.631787103237521563e+01,1.852778918024111876e+00
3.548297984145506234e+01,1.843596369594443285e+00
3.450282627027704763e+01,1.855553295738433306e+00
3.523262620153153790e+01,1.883723980274089493e+00
3.578720607615311877e+01,1.907605026231960377e+00
3.473190938890369495e+01,1.909952347548733220e+00
3.745203981845164520e+01,1.989563108669164970e+00
3.484580574013730114e+01,2.024171741216163500e+00
3.685581503437168749e+01,2.076074878357822229e+00
3.473109652705065287e+01,2.098187611323268253e+00
3.587089466662391146e+01,2.122608226021215572e+00
3.615324414966944033e+01,2.127456259770506453e+00
3.586176516559611116e+01,2.233661698387361838e+00
3.746114863075693791e+01,2.210631281719463548e+00
3.659359816541973487e+01,2.321671491792931530e+00
3.627698830472090918e+01,2.278928417405774010e+00
3.546142448216181009e+01,2.390145232738746461e+00
3.540140867447383499e+01,2.466524562831439393e+00
4.019880602562065519e+01,1.355522271123917877e+00
3.876195044743003848e+01,1.389947177815880508e+00
3.983828906445400975e+01,1.452745327980786483e+00
3.966213726349196378e+01,1.596087386364617888e+00
3.812551032609837165e+01,1.625067920011135092e+00
4.010295552406466157e+01,1.606532125641793263e+00
3.939310514727211654e+01,1.674195301865861740e+00
3.999067744512260703e+01,1.740242343760669552e+00
4.020337644140145983e+01,1.785978940952240857e+00
3.778112618442712289e+01,1.805737095841793760e+00
3.832332398928569006e+01,1.876960506739225654e+00
3.840335524579989368e+01,1.885645759923687548e+00
3.962479124113478690e+01,1.933375595369895006e+00
3.884024967506229586e+01,1.930628737739633394e+00
3.921085946352336293e+01,1.968416016272150015e+00
3.751358521272322832e+01,2.031705003091710982e+00
3.752412270556119012e+01,2.076030105450991758e+00
3.906626589368227087e+01,2.076058128796260949e+00
4.019932565659342316e+01,2.118701857812132161e+00
3.986012042804598110e+01,2.114982107144931955e+00
3.877321209004631442e+01,2.220907767582545933e+00
3.816581448808583588e+01,2.280501784316432357e+00
3.867387364633882640e+01,2.393105798258327699e+00
3.928666906214778720e+01,2.419652552716657468e+00
4.152058062923497772e+01,1.305521388916262460e+00
4.367848550818422382e+01,1.427379234362557980e+00
4.093606446419379807e+01,1.476209664843113778e+00
4.118745826963129275e+01,1.549772380248414905e+00
4.353028931126373635e+01,1.635315832160055605e+00
4.229139644283572608e+01,1.616823011634719531e+00
4.103234333012576229e+01,1.682755315991151024e+00
4.255034572994417630e+01,1.739524724783773291e+00
4.364639651826718136e+01,1.790949634343976360e+00
4.359874805965995392e+01,1.786570157761469213e+00
4.193620310738261026e+01,1.859973694840612701e+00
4.312896587649830593e+01,1.828260925141757198e+00
4.179276365592105691e+01,1.948907367279198777e+00
4.315254626383341474e+01,1.940322259586980236e+00
4.207242394486186043e+01,2.005728611464664191e+00
4.265470033770931479e+01,2.018657423296672526e+00
4.341107866915219660e+01,2.071855572770743059e+00
4.088845681537618759e+01,2.106432166708065878e+00
4.303718627399866392e+01,2.162713403742649199e+00
4.074552520271755185e+01,2.155791130023153812e+00
4.124506066984049113e+01,2.228269165846717303e+00
4.108101819743782102e+01,2.332781491992294232e+00
4.172327426472985223e+01,2.376600173000813943e+00
4.271759516733008155e+01,2.476524359821174581e+00
4.447783995180552807e+01,1.308673003581784178e+00
4.684214883286800557e+01,1.415729305014001849e+00
4.467767225068494952e+01,1.451644386172219470e+00
4.526680156154582590e+01,1.490540330237030364e+00
4.625379862230835215e+01,1.525210250017807301e+00
4.494038472708960086e+01,1.543876743189144474e+00
4.382076268609914393e+01,1.634118666543086240e+00
4.475777701949184717e+01,1.668638219156619584e+00
4.493676863294901125e+01,1.735889240520857246e+00
4.447244842407233989e+01,1.738430379073060639e+00
4.555618884577457806e+01,1.801077923574365469e+00
4.612343779970665736e+01,1.799557300528379589e+00
4.632268871511899277e+01,1.827818211721576436e+00
4.460141126564430181e+01,1.854487874483957022e+00
4.635433179587676733e+01,1.932577191630915792e+00
4.606218408679892207e+01,1.944770589034473085e+00
4.588620352380641521e+01,2.026332225699038148e+00
4.474290561220549023e+01,2.005673193000168553e+00
4.558868903616095025e+01,2.045724915440494396e+00
4.465823873522001008e+01,2.112677540838404422e+00
4.450927285257797905e+01,2.181246681017525724e+00
4.522249574610159328e+01,2.152135396826632352e+00
4.527477642466366348e+01,2.252926528967629682e+00
4.525723266666278732e+01,2.269451071878726189e+00
4.646327597248051688e+01,2.369483722742810272e+00
4.462180282536104414e+01,2.415978767137995753e+00
4.945100006886791277e+01,1.366873552467128938e+00
4.694860361653905301e+01,1.356103475630835664e+00
4.902622291921647957e+01,1.379964240715041868e+00
4.700285781414530817e+01,1.431507315370137201e+00
4.737094934573426741e+01,1.459421217948481786e+00
4.884139883104587909e+01,1.495625654429771245e+00
4.810722559579605928e+01,1.531584062159165427e+00
4.692373442546691820e+01,1.587410310634541410e+00
4.793290665014185237e+01,1.603202174598432617e+00
4.841538378568692735e+01,1.622508583978573338e+00
4.706878370058340977e+01,1.679854439108301234e+00
4.868575846123027162e+01,1.680774874112077155e+00
4.973603053519644845e+01,1.756047853721665497e+00
4.883377007601239228e+01,1.816367053944266674e+00
4.731305482788319239e+01,1.849136330782573445e+00
4.880131402427778653e+01,1.835827493714840219e+00
4.848222178965078655e+01,1.927968480621972791e+00
4.792790623653345961e+01,1.959398767302622968e+00
4.881641311163515695e+01,1.975105650817428726e+00
4.915092811592098343e+01,2.031684013991447824e+00
4.831858953972586335e+01,2.109364275257437971e+00
4.840246735984594295e+01,2.057769705727352516e+00
4.834362874552252265e+01,2.168918861853354585e+00
4.712671558154841733e+01,2.166236606919037744e+00
4.783301833663538360e+01,2.217969211685672626e+00
4.700897118349671189e+01,2.286955403929902264e+00
4.772481287829173624e+01,2.391681796402293614e+00
4.791754515754280419e+01,2.481267885839012699e+00
5.023430538344102558e+01,1.746745583596542861e+00
5.240245456757769915e+01,1.826409927773955832e+00
5.264423042635577588e+01,1.946110094867731455e+00
5.131615514383508980e+01,2.008606333251576892e+00
5.183736846211551352e+01,2.046711064951868053e+00
5.142449847224426662e+01,2.131471357597088723e+00
5.110037752742340444e+01,2.258054444741867339e+00
5.276468147008002774e+01,2.321993754103366392e+00
5.157476652744598056e+01,2.388449346627654624e+00
5.133876253440334381e+01,2.459113374105110328e+00
5.357563718489731741e+01,1.754171604706964205e+00
5.411410195490672237e+01,1.875061906272355028e+00
5.587691570049567247e+01,1.923121812791312779e+00
5.603227294569475703e+01,1.968213145940515663e+00
5.368667982004366479e+01,2.051913273567949947e+00
5.399525734437937530e+01,2.113071416758678378e+00
5.515235471704240666e+01,2.204468878846515878e+00
5.503187478716913006e+01,2.331755692662909052e+00
5.572615181851246291e+01,2.344006995337719168e+00
5.435581713058778774e+01,2.447603190995536693e+00
5.780905543558169768e+01,1.602841481810584723e+00
5.906610882027894860e+01,1.677598685764877251e+00
5.700887171650164476e+01,1.757325187846244363e+00
5.746868790727666010e+01,1.824407184642920177e+00
5.784446782092297212e+01,1.909819612996086491e+00
5.875675992776155709e+01,2.013243768844054316e+00
5.692319176114689583e+01,2.040936694197904799e+00
5.898116923517391541e+01,2.147489002897370103e+00
5.867205313673243694e+01,2.258932682647732726e+00
5.907537559120984128e+01,2.293097865166583649e+00
5.800268914505549134e+01,2.382728713893363715e+00
5.675878638697133738e+01,2.449386413196325218e+00
5.987483135135338586e+01,1.651892656951658545e+00
6.195487390117021675e+01,1.714164544316417294e+00
6.020130814262260088e+01,1.756538503804738305e+00
6.051419943793770528e+01,1.880618887233237224e+00
5.996948730444078990e+01,1.905287360219772408e+00
6.193577714673726575e+01,2.022226698316829996e+00
6.069728153609611354e+01,2.042269787208857323e+00
6.217671428354520202e+01,2.157127062121166894e+00
6.176914934893883924e+01,2.199403819453597198e+00
6.071330924429291542e+01,2.314486780054007653e+00
6.068186414975721732e+01,2.349261701758462273e+00
6.008269019404725242e+01,2.444244772991705617e+00
6.307838909574326891e+01,1.335709808066845916e+00
6.485149957470436277e+01,1.394649827199658576e+00
6.372145298695433979e+01,1.456698331586540718e+00
6.301971314174607386e+01,1.524447987249153869e+00
6.542428909052571839e+01,1.612317425159759843e+00
6.313034702568749168e+01,1.679524814374530717e+00
6.533096871960923124e+01,1.789620636325204295e+00
6.398032047376332088e+01,1.858764370920188203e+00
6.416619065623451945e+01,1.961511452309086412e+00
6.504877905043444741e+01,1.986498705728415137e+00
6.525312232796335365e+01,2.103523150120588880e+00
6.367057799542562435e+01,2.173005521012270069e+00
6.348053547431727139e+01,2.259985840605669427e+00
6.384973442245208730e+01,2.309535236309346651e+00
6.260318078037530398e+01,2.391914627847827379e+00
6.507016694211711183e+01,2.423646120758115696e+00
6.858196448259974431e+01,1.363391509747013508e+00
6.566572939684682808e+01,1.446682148534336410e+00
6.760197554967520261e+01,1.456388351481234800e+00
6.697190882351148389e+01,1.570239807608561522e+00
6.842367654964795065e+01,1.643391305534475766e+00
6.629608550988334059e+01,1.725942990534355737e+00
6.670149217651953677e+01,1.771524033974779311e+00
6.598347764675382621e+01,1.885379008487928498e+00
6.654236903377098145e+01,1.911747868763910230e+00
6.851858194488680454e+01,1.984054076638860131e+00
6.797037364063483267e+01,2.071927542765161334e+00
6.676530350933390423e+01,2.161910023538757830e+00
6.666453355332851061e+01,2.206722756610706604e+00
6.645890896441619589e+01,2.270906881553279355e+00
6.679234551181602342e+01,2.371360429345665377e+00
6.584163710857498586e+01,2.429776898474062197e+00
6.899303581744283065e+01,1.312603282008784955e+00
7.057816372619761580e+01,1.413473502243333790e+00
7.156507296262452655e+01,1.514321819759928189e+00
7.116471631814978593e+01,1.589004469759361271e+00
7.164239987856520031e+01,1.667665716017673105e+00
7.120993204990590186e+01,1.695485680555248065e+00
7.075311103225796217e+01,1.780847498362007286e+00
6.913998788973646015e+01,1.839659881769278194e+00
7.020432544496331673e+01,1.945167973112866822e+00
7.039161335014509291e+01,1.994711973967104424e+00
6.945954369320834587e+01,2.065914449082229876e+00
6.950139342091647165e+01,2.132999968235366861e+00
6.947857412098726115e+01,2.223866705931909937e+00
7.082335616474493634e+01,2.276840067741810358e+00
6.969490418780631558e+01,2.405674191690998942e+00
7.129568836219948480e+01,2.469458339356735976e+00
7.347852458156522459e+01,1.354159399722183688e+00
7.445980418141135715e+01,1.429241488141341332e+00
7.244524518711381234e+01,1.488752155516892328e+00
7.482262862565114858e+01,1.590862911562783921e+00
7.411859880332815464e+01,1.603149594355008922e+00
7.335788155193377236e+01,1.673190528664225907e+00
7.240402711728511065e+01,1.767936817045130837e+00
7.386148864170972672e+01,1.850585920307256771e+00
7.441347394739156584e+01,1.940905623910057276e+00
7.204318657849589158e+01,2.004688416143338703e+00
7.312228601067602085e+01,2.054570947908108458e+00
7.306150093542957791e+01,2.142377822752662642e+00
7.397463011357608309e+01,2.223791203772278902e+00
7.290781753895129214e+01,2.293695129807237887e+00
7.316399637892457974e+01,2.372470817154041178e+00
7.373629750898508917e+01,2.438146445858915268e+00
7.758431439678037123e+01,1.343050545767187742e+00
7.508461898424592107e+01,1.439868083503654583e+00
7.744372861996838253e+01,1.471704656693755275e+00
7.753819387134677754e+01,1.564641560776101725e+00
7.604267190540340948e+01,1.608943957429062488e+00
7.617464740266623835e+01,1.743845301353787791e+00
7.697934144577916982e+01,1.806165942283531667e+00
7.651874759612644539e+01,1.888430691537285488e+00
7.680502724239738654e+01,1.929356593487431493e+00
7.764525182002685710e+01,2.021390692036818315e+00
7.811103235646589837e+01,2.080208159051456285e+00
7.647124269279454722e+01,2.157023067099567371e+00
7.617209423568047555e+01,2.189830538006805050e+00
7.606570803948996229e+01,2.271360914809153364e+00
7.582425929562140254e+01,2.348316798763625091e+00
7.788281723940475842e+01,2.467730623763702891e+00
8.060987068998188931e+01,1.303345931867206486e+00
7.993061444274849237e+01,1.417819374043814973e+00
7.818627320957061499e+01,1.455975265198683033e+00
8.042431760083051984e+01,1.580603218365878027e+00
7.844404555090599729e+01,1.659879051210183754e+00
8.000886304488075496e+01,1.709504540589955823e+00
8.087318352836759061e+01,1.808157680666011569e+00
7.816969985007193600e+01,1.837291108557956854e+00
8.104763317098633024e+01,1.945802149486652866e+00
7.981598782126685876e+01,1.999719295433389998e+00
7.873086288745643913e+01,2.094935961141279446e+00
7.984119411079859674e+01,2.159201258824145597e+00
7.893148415919641536e+01,2.206534591645759047e+00
8.013406754986729652e+01,2.265380875477783107e+00
8.117990505378759281e+01,2.395968891915414734e+00
8.078254273440464317e+01,2.448090568559000424e+00
8.322328513602120381e+01,1.370021979435718240e+00
8.252488938998341439e+01,1.387750920442887725e+00
8.163499436104613949e+01,1.522130658898240174e+00
8.324239263446384030e+01,1.549619110835670721e+00
8.315731413429720931e+01,1.606435155089555478e+00
8.127475483222565344e+01,1.716720154722844116e+00
8.393535631754595272e+01,1.751234904856574959e+00
8.216706943813817077e+01,1.842750276566608392e+00
8.374490917630103581e+01,1.965418897515103680e+00
8.380199629295684360e+01,1.988743575622950122e+00
8.183314192347609151e+01,2.040204328308349524e+00
8.375137816236001242e+01,2.118800089085430383e+00
8.314767378031980627e+01,2.192898311136555645e+00
8.331780588434619972e+01,2.287872618505299993e+00
8.127149267694623802e+01,2.388019389072593590e+00
8.227389711963115815e+01,2.415046872290984137e+00
8.556626668923679802e+01,1.373084401864660187e+00
8.700510384563108346e+01,1.423761484984935377e+00
8.625722487331746891e+01,1.483742101884405917e+00
8.507212319794425071e+01,1.572955958083076755e+00
8.588190225233009301e+01,1.664502866879240095e+00
8.572513498267821319e+01,1.687319077848881133e+00
8.663808738061445069e+01,1.817346401589016169e+00
8.556203437889500663e+01,1.823654063507374579e+00
8.683429611138302562e+01,1.919979994649675392e+00
8.479024378265184225e+01,1.997134662737491961e+00
8.709945848810862401e+01,2.090720309500547103e+00
8.708985101481793833e+01,2.170187330213611876e+00
8.457481638896325649e+01,2.189815685886554064e+00
8.678670036488396988e+01,2.276489583151706686e+00
8.535873988145202418e+01,2.348271514233354118e+00
8.456783832243397114e+01,2.462154330941718428e+00
9.007869637600555279e+01,1.319727363421350885e+00
8.906050792650975723e+01,1.397667206165901232e+00
8.826221639421369503e+01,1.517867969342174606e+00
8.963030930236200788e+01,1.569222057903398859e+00
8.773092111177972185e+01,1.606266014374954976e+00
8.865030982513331992e+01,1.705841358096342741e+00
8.902637040223480369e+01,1.789374782003172459e+00
8.863024813762031329e+01,1.856640991772552596e+00
8.888149360465266113e+01,1.943032421904298701e+00
9.004252108366101481e+01,1.976114410349464778e+00
8.972340720167692041e+01,2.055087492802589733e+00
9.011578013807609011e+01,2.177636907246607301e+00
9.036890524144826031e+01,2.196178669029972497e+00
8.940128919474449276e+01,2.261978528618623585e+00
8.837169663921325480e+01,2.398333165009292500e+00
8.869278751666472260e+01,2.432639154809795201e+00
9.180215609899921958e+01,1.344087755742819024e+00
9.077469296485712391e+01,1.398494250014091111e+00
9.170638289379263597e+01,1.483924967959383556e+00
9.215064172721935165e+01,1.570866367457881108e+00
9.302219156682717482e+01,1.628235265090554496e+00
9.342684980537876527e+01,1.688758149764588046e+00
9.297189492963437374e+01,1.777814767898875603e+00
9.337614787094670987e+01,1.883156906693344013e+00
9.148153635539662787e+01,1.949162096167472935e+00
9.297332661401074461e+01,1.978402962817808364e+00
9.309368399946313843e+01,2.095885997668442080e+00
9.195057764066717709e+01,2.137506885439904636e+00
9.216093579899683164e+01,2.245186534191947914e+00
9.198758819987830293e+01,2.266553631231276622e+00
9.099145769854460752e+01,2.404011543267576378e+00
9.138092652610392008e+01,2.412188085858490982e+00
9.629649403838837429e+01,1.345973877506385197e+00
9.642242363610532152e+01,1.396033070937461762e+00
9.615809334464282188e+01,1.461682738851050267e+00
9.583261432959659487e+01,1.590241612846815533e+00
9.452002215744496993e+01,1.623620173066006922e+00
9.502209948241527115e+01,1.676530706612828325e+00
9.595188117940226391e+01,1.745924915410214107e+00
9.607991727499208423e+01,1.845089244308448118e+00
9.659538009737960351e+01,1.919238613758048606e+00
9.503445099028849086e+01,1.995223871641966795e+00
9.396025766506187438e+01,2.089230820528391153e+00
9.525771877822273837e+01,2.172225619773731076e+00
9.610204229652472918e+01,2.251194575842857759e+00
9.429960737114585356e+01,2.331318481241203333e+00
9.392402985414771877e+01,2.396849959188808388e+00
9.438091448691461949e+01,2.430954646686989129e+00
9.972227832035440542e+01,1.321067771949459679e+00
9.801687820385481587e+01,1.414751972063599483e+00
9.840575145721091133e+01,1.476917440029968498e+00
9.806956397943253023e+01,1.549239604321587693e+00
9.909390343588235339e+01,1.670163138421569826e+00
9.801343720012181393e+01,1.671610968084047188e+00
9.955741484531137075e+01,1.818032435620326570e+00
9.989270598661093459e+01,1.832855692962931826e+00
9.899038166204599065e+01,1.964730162574700234e+00
9.933061137738536672e+01,2.019962727155565574e+00
9.766997292910578210e+01,2.045105629354698085e+00
9.919103157126743042e+01,2.182679339695692278e+00
9.731869005457056687e+01,2.187496181646922722e+00
9.936841015430388779e+01,2.306090218365695055e+00
9.719798314762635982e+01,2.349170210233868517e+00
9.951853340989814001e+01,2.472355984235964144e+00
