-9.325179641234741723e+01,5.049431049309455188e-02
-8.939827878114535054e+01,8.669052589955314470e-02
-9.240123368230703704e+01,1.683812608460720783e-01
-9.146889059042437964e+01,1.514023296206539748e-01
-9.323163267566536661e+01,1.885419082213139474e-01
-9.431875997023666969e+01,1.956615524087955416e-01
-8.161443295616193438e+01,2.823946796110024526e-02
-8.563308697218171517e+01,6.789459630262764667e-02
-8.554185832869193007e+01,1.457065260347487623e-01
-8.779203027617241162e+01,1.426478943132115096e-01
-8.435029994577843127e+01,2.385251113913715582e-01
-8.345941942093837440e+01,1.909929066994450197e-01
-7.525301329084146573e+01,3.314632257748614808e-02
-7.838540744139430672e+01,3.211373908811473998e-02
-7.648746947567586574e+01,1.662204869732370471e-01
-7.548589914367160247e+01,1.342452354895216915e-01
-8.086880487833371944e+01,2.354626558391487712e-01
-7.545265589198778855e+01,2.374303026691606255e-01
-7.132696103715750269e+01,-1.275946766890506123e-01
-6.976229574205891026e+01,-1.441863372130386400e-01
-7.128377567357642874e+01,-1.812832564858783135e-01
-6.905383629394466993e+01,-9.832276975963247234e-02
-7.045878733783084158e+01,-5.110176495544567488e-02
-6.893699231612356471e+01,-6.797376505200539154e-02
-7.164917782562872617e+01,-3.461741066514789633e-02
-7.444657654015026083e+01,-3.080463449684739397e-02
-7.255139339849350222e+01,-6.065434344762254959e-03
-7.141273491113986438e+01,7.357993456838204938e-02
-7.106109371288596321e+01,8.714397668991530344e-02
-6.865425795438486034e+01,3.523710170752822335e-02
-7.294977300822770871e+01,7.554983559051700603e-02
-7.324453557271658610e+01,8.301797374082450776e-02
-6.958390827921454047e+01,7.477043760929094618e-02
-7.063571966790098600e+01,7.420598826243632318e-02
-7.037060815751584641e+01,5.727694671638475232e-02
-6.846194036999014543e+01,9.935336624935632577e-02
-7.216181443242419391e+01,1.691201990677041467e-01
-7.318419050510317447e+01,1.591831656690599894e-01
-7.438376731562797772e+01,1.164733539417880381e-01
-6.999707158829917830e+01,1.427218634870043301e-01
-7.129605857003622305e+01,1.172722041395770354e-01
-6.990162919361651461e+01,1.236237622807644376e-01
-6.980949940890775451e+01,1.579749101856519622e-01
-7.143204366572246045e+01,1.491804335614626553e-01
-7.338888913530539071e+01,1.224289137802307970e-01
-6.923952027742910786e+01,2.019928745592290964e-01
-6.993924682189137343e+01,2.051633556189458030e-01
-6.857463282802379467e+01,2.218697725045277458e-01
-7.205928020824356395e+01,2.244225455651398804e-01
-7.014927816068870925e+01,2.444147003766444226e-01
-7.196106098709523735e+01,1.908730685217278344e-01
-6.935165269464519611e+01,2.445265803893170720e-01
-7.160734736321936111e+01,2.037136461842108393e-01
-7.446858004608378678e+01,2.111658606887476530e-01
-6.343878043901293040e+01,-1.921266408707951456e-01
-6.671101029359159895e+01,-1.795621073053472738e-01
-6.323818171060220550e+01,-1.726913372984527628e-01
-6.716853660729591979e+01,-1.006728425859102494e-01
-6.337338977481017821e+01,-1.047803650266499187e-01
-6.466446230141409046e+01,-9.060910208592112824e-02
-6.774355698097016898e+01,-2.862810994698197775e-02
-6.722367596935967526e+01,3.173999707767882761e-04
-6.232892073133120903e+01,-3.438009116817039579e-02
-6.180316278637540961e+01,7.817606595126935787e-02
-6.667206052851358322e+01,7.357495285703533061e-02
-6.260846991299622744e+01,5.575565697653825370e-02
-6.222572190953586357e+01,7.645464252358821766e-02
-6.755356056051832070e+01,5.764662117407545749e-02
-6.488347907309815810e+01,9.233266863892805598e-02
-6.462362902322907132e+01,4.110785905811625840e-02
-6.580403869065268907e+01,9.035752330083554607e-02
-6.142704061345192201e+01,8.006927001966432367e-02
-6.242636154109885638e+01,1.263020951314927642e-01
-6.347243315271010999e+01,1.585545283882974776e-01
-6.417688919275339288e+01,1.213173680086625517e-01
-6.661753089036669451e+01,1.455370597505493691e-01
-6.371755575607276967e+01,1.224015767136328592e-01
-6.411165307292345972e+01,1.023115725584369251e-01
-6.666589029087482743e+01,1.164315164802085800e-01
-6.611692040245998214e+01,1.190639315915940633e-01
-6.296258892953835584e+01,1.323384427682630093e-01
-6.404815861846948621e+01,1.757177164155491744e-01
-6.401265370529900167e+01,1.935092631920494188e-01
-6.423530677834409630e+01,1.900497269693451063e-01
-6.731035993829398478e+01,2.445915069987482371e-01
-6.718995259765287642e+01,2.419624183789030880e-01
-6.760900128747516646e+01,2.150364031259911213e-01
-6.321999426038654235e+01,1.829979920795970771e-01
-6.690660032174861271e+01,2.115484035652020756e-01
-6.483132925640418875e+01,2.047761971687717675e-01
-5.955205943465311691e+01,-1.349515631336932198e-01
-5.852752394620002008e+01,-1.237110450580187204e-01
-5.873625703929243969e+01,-1.308882001098802261e-01
-6.001249498532632742e+01,-5.798776956382278858e-02
-5.933622192480233082e+01,-7.846173527342617526e-02
-5.689146334333219102e+01,-1.009141974904830819e-01
-5.797754581309978050e+01,-3.546018579726195608e-04
-6.015843096350822350e+01,-1.942601459985110468e-02
-6.120579726391515862e+01,-4.475132751299179534e-02
-6.097915686568637739e+01,7.697913249887863851e-02
-5.552890955970627829e+01,4.992099940907684941e-02
-5.488928673717182960e+01,8.140768514639704079e-02
-6.004658792071806772e+01,8.270824049733499495e-02
-5.888319274810368142e+01,9.046371578184173035e-02
-5.782026624381799706e+01,8.405309035952490682e-02
-6.083825817957736604e+01,5.065158532836427918e-02
-5.587478757287541953e+01,7.888949268507433610e-02
-6.042096715361766712e+01,8.207049958875942131e-02
-5.614886003549396776e+01,1.457453419149631890e-01
-5.713482436423724664e+01,1.017448383687502844e-01
-5.826428717562491499e+01,1.695574135634280999e-01
-5.465289442525667596e+01,1.647130093689451458e-01
-5.613237368280564965e+01,1.569972760955789803e-01
-5.979797746344134168e+01,1.259972596704586612e-01
-5.801587138158585333e+01,1.146435721918029338e-01
-5.735658642692943943e+01,1.104060852229121759e-01
-5.560993483525382430e+01,1.706939935562951927e-01
-5.544624716086916294e+01,2.073385678442031532e-01
-5.619079675801957308e+01,2.006273404571305430e-01
-5.907888299552114120e+01,1.981879263151626047e-01
-5.812053638568447411e+01,1.984103964428773070e-01
-5.832185336883190985e+01,2.394961035944649097e-01
-5.589517897144527581e+01,2.391230730531044846e-01
-6.068800283882403335e+01,2.205097204691022772e-01
-6.041174850632248194e+01,1.988008287081545478e-01
-5.971029425918762001e+01,1.752705719178488941e-01
-5.303540759595549048e+01,-1.744038066752848504e-01
-5.419742317616618266e+01,-1.896254419431155636e-01
-5.359944867060021068e+01,-1.348736125303715006e-01
-4.913169478735005669e+01,-1.233724558486746226e-01
-4.973746334254559542e+01,-1.436975439069736182e-01
-5.402721699557130819e+01,-1.868104214154251153e-01
-5.388252524003948452e+01,-1.272014980773378268e-01
-5.311409355537327315e+01,-1.327902983145252125e-01
-5.326068938238105943e+01,-1.701327446427097767e-01
-5.318664306429714372e+01,-5.952528334432893864e-02
-4.944498089240414629e+01,-7.717432247487898689e-02
-5.369825163484902930e+01,-5.401340996751444190e-02
-5.434575029430460802e+01,-9.373227774585765615e-02
-5.015251954769699694e+01,-1.180389013091673600e-01
-5.329593595532915629e+01,-7.135524676129634258e-02
-5.362637067226020804e+01,-4.813856056221499369e-02
-5.103875539771023284e+01,-1.151811928412340147e-01
-5.233663736804970767e+01,-1.010482055788545774e-01
-5.139998051190525530e+01,-2.120636862007074797e-02
-4.913327685782957133e+01,-1.239340350170536897e-02
-4.980189570199875959e+01,-1.265916836144034829e-02
-4.912933634049322507e+01,7.815009128578076503e-03
-5.102465154796726665e+01,1.724541757748837556e-02
-5.296047893096502435e+01,-3.765452157657198096e-02
-5.346714472263855100e+01,8.036528514710067350e-03
-5.365587765096657336e+01,-1.240815319315380361e-02
-5.451173346503632899e+01,-3.075153436976152399e-02
-4.953076065545944573e+01,2.767454968569918461e-02
-4.791879873607449269e+01,9.792588148898979938e-02
-5.134776840380445151e+01,5.652399849296246837e-02
-5.298033558850966074e+01,6.514669939549536104e-02
-5.205564075352685904e+01,2.844510995786009300e-02
-4.997733178875380133e+01,6.158472724429281397e-02
-5.278883597231636315e+01,8.380904321752821740e-02
-5.413620980211851474e+01,7.988081553685508207e-02
-5.132203845420390564e+01,2.990697473474923651e-02
-4.853314916287511949e+01,4.657251287957309138e-02
-5.115188020146355541e+01,6.042588511518337535e-02
-5.421435889983511913e+01,7.317947871495883438e-02
-4.799378670421465642e+01,6.362999920727960279e-02
-5.245422007890499572e+01,6.558801148512835577e-02
-4.795111306641072701e+01,4.270292741615938636e-02
-4.858608409743443701e+01,4.127020756820609648e-02
-5.372744164104095432e+01,7.117790356672551444e-02
-4.912214677297673404e+01,7.897921019381945462e-02
-5.368862673400754204e+01,2.792180899275481520e-02
-4.988299686499001950e+01,3.193177746570360909e-02
-4.823482603101936661e+01,1.654178803454172120e-01
-5.353135550224135386e+01,1.170757286693340504e-01
-4.863099479509733669e+01,1.277228615396309164e-01
-5.454229921123435076e+01,1.404038113478555394e-01
-4.952761093183947594e+01,1.328769294074549079e-01
-4.851931016420849119e+01,1.027987946195171032e-01
-4.804623771320522962e+01,1.642416073315989544e-01
-5.429108703381065482e+01,1.351098424067029014e-01
-5.032451496201198893e+01,1.125143770005511412e-01
-5.362431298053020612e+01,1.375231528954283522e-01
-5.390911138756527521e+01,1.113716434452413917e-01
-5.213593747033965542e+01,1.419602372539693069e-01
-5.160080140898314482e+01,1.232455570641343978e-01
-5.454362138938353155e+01,1.386925373794762884e-01
-5.391451204288803467e+01,1.401398216263217422e-01
-4.874575199082478605e+01,1.264836278854063190e-01
-5.151537809941633839e+01,1.560677971395936503e-01
-4.922054802932798623e+01,1.680025000474943131e-01
-5.293016852186288190e+01,1.595941844419347111e-01
-5.259942776162903044e+01,1.711493450884316314e-01
-5.314105757940239982e+01,3.195959168181502497e-01
-5.288882213132339416e+01,2.476222756150425752e-01
-5.126086139349304460e+01,3.225572088670530801e-01
-5.299523299959560063e+01,3.290773279427527953e-01
-5.408855666044775035e+01,4.622654523727651177e-01
-5.259674700462852570e+01,4.002536535212436464e-01
-5.153280820457118239e+01,7.086199776458425026e-01
-5.001017789509606359e+01,7.154430853527109502e-01
-5.355223714746080077e+01,7.869148400589360826e-01
-5.337229134729750513e+01,8.162327259622347286e-01
-5.106404606379162203e+01,8.552613292902846442e-01
-5.161240000599484290e+01,8.991456081210178475e-01
-4.755985300402291927e+01,-1.711959569841874917e-01
-4.746160228585871010e+01,-1.210997360357901481e-01
-4.640020899587508296e+01,-1.849323264247705600e-01
-4.280712380046065135e+01,-1.681268401921964528e-01
-4.323369423996802396e+01,-1.625558143306381764e-01
-4.184285408668281292e+01,-1.283797323656674649e-01
-4.244607056597066475e+01,-1.651286771810835385e-01
-4.397314838360249922e+01,-1.407682235084976585e-01
-4.282465989780175875e+01,-1.499561031453949256e-01
-4.491437291123980202e+01,-1.144796501119833831e-01
-4.519185800252545704e+01,-8.772177421146087894e-02
-4.609570326636107751e+01,-9.321100502803963961e-02
-4.143844930082467926e+01,-6.450172471220139148e-02
-4.466862837696894672e+01,-8.995856976004898420e-02
-4.624793375265303297e+01,-8.255115752932667972e-02
-4.773561439261764150e+01,-7.054228048522798167e-02
-4.412919581826296422e+01,-7.468765336225363649e-02
-4.216995823975167212e+01,-8.055795850137326131e-02
-4.768468053033064535e+01,1.156761077010956540e-02
-4.722961627222181136e+01,8.405597871718489822e-03
-4.400879580019921633e+01,1.820054541698529205e-02
-4.200812366102422146e+01,-4.566373558071359917e-02
-4.239622065862236155e+01,1.445326282846504107e-02
-4.320590003688885616e+01,-3.355145119417143884e-02
-4.511608780915064898e+01,2.034577839992296466e-02
-4.627061854657456053e+01,2.528830186551868364e-02
-4.601182288096165252e+01,1.581388091451008115e-02
-4.310252026274928738e+01,7.243436687425974796e-02
-4.777827985457695803e+01,8.118665426635116034e-02
-4.526044141131665555e+01,8.352236603529045178e-02
-4.697001540402349207e+01,6.692040445627980838e-02
-4.701872160989618266e+01,5.297729466600648029e-02
-4.412700774202732390e+01,5.119065294803581967e-02
-4.745188931087114526e+01,3.919997449320689054e-02
-4.263207367044289953e+01,7.569813154236909591e-02
-4.433840009555020600e+01,5.754604988725955939e-02
-4.656641855087170967e+01,2.703980222871071870e-02
-4.366989519417068522e+01,4.758584661937642624e-02
-4.364293953492947509e+01,6.359396219354804258e-02
-4.662539015890254035e+01,3.656414194595505873e-02
-4.297894499512370459e+01,4.811839872095102777e-02
-4.411804757282597933e+01,9.374150778667364459e-02
-4.374888466183411850e+01,6.947687362320256743e-02
-4.595994359091299231e+01,7.668479692747259824e-02
-4.420613318174374484e+01,2.669210504106406256e-02
-4.733538940091570879e+01,9.058993731837952645e-02
-4.413327618749639925e+01,4.972185538855938836e-02
-4.208337953451688662e+01,1.130710866441480833e-01
-4.551765711258367020e+01,1.315486987535706143e-01
-4.598092182405529371e+01,1.665414139218753253e-01
-4.514428833958746878e+01,1.061717782668374910e-01
-4.624996835200467871e+01,1.253865705346945691e-01
-4.268359449599937960e+01,1.218424652003596842e-01
-4.608889947722058622e+01,1.209553631506505855e-01
-4.760719496284034591e+01,1.536595457696683931e-01
-4.463301543671814642e+01,1.189520110319733093e-01
-4.597398235879909834e+01,1.006899138986220577e-01
-4.356696986408008598e+01,1.343219102719410418e-01
-4.660656907911012325e+01,1.481879280729681281e-01
-4.517713481676150167e+01,1.108148096099650370e-01
-4.591509847352340756e+01,1.624085845708736764e-01
-4.777105756779189250e+01,1.088934300471714467e-01
-4.305909812609966281e+01,1.201635156272848615e-01
-4.737591704405635795e+01,1.099511492861676709e-01
-4.653942118600397038e+01,1.437336736062857778e-01
-4.256940142262759963e+01,1.618599033646823115e-01
-4.762134126562099112e+01,1.017925332237359370e-01
-4.388272694821201725e+01,2.040766529200251367e-01
-4.679158243207195511e+01,2.418958913363495888e-01
-4.574827650978684090e+01,2.110678573232587230e-01
-4.141569067166197016e+01,2.277570875325157507e-01
-4.255283125454354121e+01,1.898481051934551578e-01
-4.199934484758784237e+01,1.803313396179632155e-01
-4.303447875759169250e+01,2.434377040554769334e-01
-4.187076844529348563e+01,2.462138344826501901e-01
-4.460183382520724393e+01,2.292947855392147849e-01
-4.742592101362884449e+01,2.423709136050997692e-01
-4.667410603868746222e+01,2.548457779250997701e-01
-4.391624431903282044e+01,2.519745733831193490e-01
-4.745225072675585665e+01,3.267319955563670608e-01
-4.539542808852534250e+01,3.265726678873245303e-01
-4.312831931017196752e+01,3.946689643981530216e-01
-4.353898977767550349e+01,4.486578954347973935e-01
-4.365109294988395305e+01,7.192244109259625651e-01
-4.162734318672995215e+01,6.979902960877253371e-01
-4.655477306556365846e+01,8.055463440452903523e-01
-4.782402951350602649e+01,7.863232396200094954e-01
-4.464038432400410983e+01,8.628417650965800600e-01
-4.624505487774258228e+01,8.876138549823779922e-01
-4.059074779269766253e+01,-1.312944216267651343e-01
-3.973015348093409926e+01,-1.846266808929162839e-01
-3.996306747171859541e+01,-1.287381219161543577e-01
-3.607283921783010072e+01,-1.809547568565368914e-01
-4.060311778456135556e+01,-1.702414695202496553e-01
-3.610102966249186096e+01,-1.293067095405543709e-01
-3.852334687707860184e+01,-1.596283353502173097e-01
-4.088998980521342475e+01,-1.937985904454870845e-01
-3.677570635378922503e+01,-1.297783267624391668e-01
-3.475919570204980147e+01,-1.146066366454446539e-01
-3.521916558012667764e+01,-6.869786078568451693e-02
-3.635535564233213535e+01,-6.191925813130358391e-02
-3.773628737822050283e+01,-9.008664297336099747e-02
-3.469109974262109830e+01,-1.039026793595160258e-01
-3.656789893081242582e+01,-7.100338104244247051e-02
-3.983616497315053806e+01,-1.056874754239671976e-01
-3.840733848022808417e+01,-1.077249617472372523e-01
-3.877194571986886018e+01,-9.360792474782311801e-02
-3.992100801342258620e+01,-1.667174077557076473e-02
-3.644277284848268295e+01,-3.531482659209717045e-02
-3.636106156833412939e+01,-2.281787067372037514e-02
-3.495480763344931319e+01,4.476392647712795769e-03
-3.495449517251244487e+01,-2.047009854514786342e-02
-3.561950497146596462e+01,-2.486072197902389203e-02
-3.582553256108692352e+01,-2.653781304223992721e-02
-3.625451275782982208e+01,-4.667475241405211195e-02
-4.088426093573519182e+01,2.156821469683795067e-03
-3.734705260159170592e+01,3.090317476978701738e-02
-3.639683485044918854e+01,5.227240660421841878e-02
-4.088719537902736789e+01,8.686142479725955656e-02
-3.664537360005264333e+01,5.410902238744544346e-02
-3.479093187384258812e+01,5.717584790348800849e-02
-3.826393782619008022e+01,4.941114323970380307e-02
-3.775149380898479734e+01,8.301901463142000170e-02
-3.799950723202420733e+01,8.421198950902578084e-02
-3.607650317537424911e+01,3.442480637549050204e-02
-4.036546665574221748e+01,5.040406042306225243e-02
-3.470793685496978043e+01,2.891776820420779992e-02
-3.530582477079494907e+01,5.189388500545599747e-02
-3.464141866087356192e+01,8.737511464898597979e-02
-3.932374126887149401e+01,7.544728439589273861e-02
-3.765226833615565027e+01,7.143116198737076150e-02
-3.788439713653014707e+01,6.011802775927915787e-02
-3.876428750519750821e+01,2.836739011404834643e-02
-3.521444956252758374e+01,4.989172336376487826e-02
-3.980254385657664074e+01,7.917622933123719120e-02
-3.577097468198366670e+01,7.823740210977195297e-02
-3.726449982435408259e+01,1.708208052056096604e-01
-3.906119218879526755e+01,1.225856667133513600e-01
-4.082691056216207670e+01,1.693435924828506356e-01
-3.699250102498167081e+01,1.623020267268712735e-01
-3.830347075511247823e+01,1.278537115996308537e-01
-3.735431881513049035e+01,1.169888227212301235e-01
-3.506372746445040178e+01,1.512476843922256342e-01
-3.571560977000168435e+01,1.487886529927854862e-01
-3.630675147359425381e+01,1.660965824786888034e-01
-3.923897487323493039e+01,1.213396408122365822e-01
-3.587881611545984839e+01,1.072507308246488100e-01
-3.684853177786124689e+01,1.231307336360842608e-01
-3.469989248595177145e+01,1.444847552744197572e-01
-3.777556904932865933e+01,1.309318755695463576e-01
-3.872883858320219730e+01,1.267130279286127759e-01
-3.833552853819579553e+01,1.292145760789636388e-01
-3.494479038456470477e+01,1.304802763352817807e-01
-3.469538198673586038e+01,1.020149299531416531e-01
-3.598895246396282488e+01,1.563775921189730356e-01
-3.604447115513611521e+01,1.148759081237707980e-01
-3.774066505153452766e+01,1.748953785802538352e-01
-4.017679966920058376e+01,2.130961290237551875e-01
-3.559256175546719447e+01,2.318613033959154857e-01
-3.957436412100471301e+01,2.415343883035374895e-01
-3.616302074269463418e+01,2.189362861948984385e-01
-4.019272934561534072e+01,2.196191842331389754e-01
-3.964518982466983488e+01,1.968160658132427077e-01
-4.045486564823801956e+01,2.285809764173458158e-01
-3.571314947239718407e+01,1.814195149026459342e-01
-3.860924001140715944e+01,1.882025664657785979e-01
-3.614785071384221027e+01,2.159154759011094049e-01
-3.772178465028361671e+01,2.473473933175134865e-01
-3.748996447529601284e+01,2.401409014799371078e-01
-3.896615509437311431e+01,1.984504761469577105e-01
-3.791838953138137214e+01,2.178038756610773952e-01
-4.095776079377636592e+01,1.815080244709142421e-01
-4.001228842834660071e+01,2.052459680626713689e-01
-3.743638623746712568e+01,2.317139194938588886e-01
-3.454927616605957752e+01,1.832297387959958002e-01
-3.763979544006247835e+01,2.176048599811805928e-01
-4.090167657197311968e+01,2.579667649791530515e-01
-3.593267448676876796e+01,2.873942596700589935e-01
-3.556129375815368832e+01,3.629169192739225558e-01
-4.069523824192534533e+01,3.513460220286928615e-01
-3.610291138905919439e+01,4.524946391239172416e-01
-3.814796169064504028e+01,4.410901801249548226e-01
-3.888905335448473721e+01,7.524932244709652274e-01
-4.003786100684217075e+01,7.377366129944925577e-01
-3.663807786154062995e+01,7.847265415471028627e-01
-3.514496608621754348e+01,8.279151046913861833e-01
-3.643378930756633594e+01,8.874274894707181449e-01
-3.784876701567690560e+01,8.913229682490447781e-01
-3.347081045035260871e+01,-1.469950902826818451e-01
-3.038530472768530188e+01,-1.525672791772391679e-01
-3.251190666023403963e+01,-1.718883590044126275e-01
-2.857859360215841349e+01,-1.411256371430700263e-01
-3.390237434746421030e+01,-1.077578023765492499e-01
-3.111478555206988261e+01,-1.148366693659201021e-01
-2.884401013720351870e+01,-1.169577603365421214e-01
-3.179000977211688195e+01,-8.461323774727250169e-02
-3.395972305843999806e+01,-1.156992584054492568e-01
-2.893512862683804343e+01,-5.579041158525069322e-02
-3.060260562933583373e+01,-5.460866127023264460e-02
-3.450558243170768691e+01,-7.590686466834259405e-02
-3.167898249903820584e+01,-8.364354789969111192e-02
-2.984870856845716247e+01,-9.649941773044404258e-02
-3.410708605533202586e+01,-1.002967000329607339e-01
-3.006542455562597382e+01,2.175015498327137475e-02
-3.033669262727584481e+01,-4.319528020277169089e-02
-3.030454692455808896e+01,2.074728752681134769e-02
-2.838973932648766407e+01,2.100526945848482652e-02
-2.965946568519921556e+01,2.219815949894858587e-02
-3.059966286446293537e+01,-1.590926450869153963e-02
-3.363844244814880113e+01,-8.558443184247005453e-03
-3.154614954715379582e+01,-3.296943321236672775e-03
-2.834154530730892674e+01,3.737503831209604277e-03
-2.874351265946454959e+01,7.982563029090089524e-03
-3.142565157285468302e+01,-4.625135316665429652e-02
-3.394102886076678516e+01,-1.951259899170984524e-02
-2.992465975311348103e+01,-4.340070510776589119e-02
-3.050067720466167742e+01,2.157717510956086437e-02
-3.055820331152595060e+01,-2.274497655505852700e-02
-3.111892444897926424e+01,-2.776738540309298120e-03
-3.256236255754658515e+01,-3.772977087977533173e-02
-2.905991956658393605e+01,1.591466406410957379e-02
-3.413775311410928026e+01,-2.270650239502602918e-02
-3.161193079121954241e+01,3.165664137036228176e-03
-3.448397093822351422e+01,3.896310678676881412e-02
-2.900811611283860003e+01,6.830786470507360653e-02
-2.889613844447699620e+01,5.690602803260369491e-02
-3.103335811892856810e+01,7.286719795702309432e-02
-2.889352977549219048e+01,6.378225333719722556e-02
-2.852638782416510566e+01,4.765025104070225170e-02
-2.921045117220017318e+01,7.985605786261706918e-02
-3.143982025169577099e+01,4.081358936470511067e-02
-3.257012821705873051e+01,3.277339484742955444e-02
-3.405493891784139038e+01,4.850711236107460578e-02
-3.221958883828644815e+01,6.888825506479553940e-02
-2.968236679731989369e+01,3.181482599576074266e-02
-2.976948986846711165e+01,7.931075298218034919e-02
-3.115134915519592340e+01,8.626682417239431300e-02
-3.247555112628067064e+01,9.453965942151465462e-02
-3.239349551955758244e+01,5.340229964515699757e-02
-3.406330926945265247e+01,6.336003831651579321e-02
-3.026996584260167111e+01,6.504399719838543925e-02
-3.077518338294751032e+01,5.665575306574097136e-02
-3.195165928038503722e+01,7.846337826840601992e-02
-3.443536682090709888e+01,1.731064659958116703e-01
-2.811078512223745207e+01,1.262568640218653393e-01
-2.925229182652029891e+01,1.507297927289129036e-01
-3.258827057216665679e+01,1.703317068027618286e-01
-3.345427203797012083e+01,1.109069762120348801e-01
-3.322505661391002008e+01,1.375016684683404433e-01
-2.814217140182352495e+01,1.731355998438421362e-01
-3.356121420098192942e+01,1.657324733278839335e-01
-3.265574038570056103e+01,1.177911536996383846e-01
-2.854366538900983841e+01,1.545779002952585579e-01
-3.315349082171177741e+01,1.136444082721108084e-01
-3.427131421387608867e+01,1.696873912717733468e-01
-3.225438081156310233e+01,1.279077914630973589e-01
-3.197856039785259696e+01,1.186961020583656712e-01
-3.412193005399823420e+01,1.511751849579883455e-01
-3.310347483258463086e+01,1.122811279576742816e-01
-3.383882422966872383e+01,1.168363876264494894e-01
-2.848673852703640108e+01,1.130495957482144376e-01
-2.954575484699029886e+01,1.382272299876322608e-01
-3.072159707142215979e+01,1.497272867447240197e-01
-3.089676409454350647e+01,2.459843754253501491e-01
-2.865663408828716996e+01,1.841520020183321227e-01
-2.918927568822541474e+01,2.337057774786192033e-01
-3.330489860123096690e+01,1.817905755021396730e-01
-3.123821113035292996e+01,1.980159319469659285e-01
-2.963653550281386373e+01,2.449292074473828906e-01
-3.181359940210793269e+01,2.189584667876488255e-01
-3.363894535743002479e+01,2.168337634946599923e-01
-3.013188873112328992e+01,2.414958620970724112e-01
-2.873955385127000994e+01,1.925883834381240667e-01
-2.950215652272276401e+01,2.372154849546331823e-01
-3.271477989774762563e+01,2.116324345921309358e-01
-3.193360106441230784e+01,2.211215387381856301e-01
-3.192804056284457914e+01,1.941481149768586323e-01
-3.088157378609819403e+01,1.941652418162636839e-01
-3.164316810680485759e+01,2.071693986376151597e-01
-3.451205749785808763e+01,1.848707023361816915e-01
-2.850823815150116758e+01,1.788890128597509233e-01
-2.964084853081653392e+01,2.324326557925839865e-01
-3.423532736110136199e+01,1.962493001076371923e-01
-3.086750454320955583e+01,2.745442329214381472e-01
-3.355935635744871348e+01,3.131900098694732626e-01
-3.281164062536191039e+01,3.060851555272912639e-01
-3.030897104372680673e+01,3.159446611422789264e-01
-3.287591386824684747e+01,2.553254248569427620e-01
-3.309364405502505946e+01,2.996206676862792073e-01
-3.208153356591041216e+01,3.224010835637897143e-01
-3.107934875788580342e+01,3.630879854871058576e-01
-3.174861730841603702e+01,3.239488535432531457e-01
-2.819223082606222164e+01,3.376733409217399506e-01
-3.067017537615384271e+01,3.338496902331304916e-01
-2.983191749656216274e+01,3.859488080930730258e-01
-3.127308930927862463e+01,4.589585595298086296e-01
-2.974011574907435573e+01,4.282099587926445627e-01
-3.045270374427480675e+01,4.252646236171885863e-01
-3.186812195457954289e+01,4.053856205188402506e-01
-2.852263443660846320e+01,4.488063812310868483e-01
-3.129509424422619901e+01,4.309408922340551285e-01
-2.193233486131285304e+01,-3.656569497523187717e-02
-2.535263712510706569e+01,-3.135695175867944662e-02
-2.469989009253104939e+01,-5.344332819745556407e-03
-2.312584032270520140e+01,2.117514779635176758e-02
-2.685787032708748256e+01,-3.254324489240401075e-03
-2.389360321716921476e+01,7.673320508930103756e-03
-2.291848612788099615e+01,1.212452943972980313e-02
-2.420428743825722506e+01,-1.611707906149462133e-02
-2.585888258535048578e+01,-2.554076035277055845e-02
-2.224746790317173861e+01,-6.338413912767376646e-03
-2.239480082410311468e+01,3.691413627881862114e-03
-2.729024663164381082e+01,7.666018175992828088e-03
-2.350099803190720138e+01,-2.206131797518207094e-02
-2.400778117752815888e+01,-2.673918547740775087e-02
-2.563928095082093250e+01,-3.540610446349198859e-02
-2.439769405154966364e+01,-3.957851361946621016e-02
-2.317081388096525529e+01,-3.218933417908853567e-02
-2.376606731102613423e+01,8.697873618423779263e-03
-2.291642451452995033e+01,-1.203724455089805190e-02
-2.508489571957646547e+01,-1.544958971255927516e-02
-2.703748499891916879e+01,7.641366171436311805e-02
-2.304859905113019636e+01,8.140198997670530789e-02
-2.526004947889310870e+01,3.428056565948861545e-02
-2.511638053742723287e+01,6.428075465798036014e-02
-2.343738864619248830e+01,7.133779456970526511e-02
-2.690291329624741934e+01,4.230800253025271407e-02
-2.704879861100630478e+01,4.601288700806957510e-02
-2.307406941383337085e+01,3.102778492894997520e-02
-2.526644432972429399e+01,8.835627355282971163e-02
-2.410085054411210592e+01,4.451310285353773932e-02
-2.311889076261185494e+01,6.153509398375242578e-02
-2.530677961942949139e+01,8.604014448117960900e-02
-2.357240693119885577e+01,4.366148583597792565e-02
-2.272916574655627642e+01,3.201528155969293743e-02
-2.359436136509970083e+01,7.749004593295763521e-02
-2.254799616641754767e+01,9.195641697412329507e-02
-2.316145823797710079e+01,4.836696795728057108e-02
-2.735019593042082420e+01,8.564186544805754697e-02
-2.410123082610074619e+01,4.108162796091746616e-02
-2.311446892424226007e+01,6.894690064127381723e-02
-2.282508642042789404e+01,1.387448640046162474e-01
-2.286256486543834399e+01,1.272502635706016794e-01
-2.363204452885045725e+01,1.466927785478304991e-01
-2.434120848302627849e+01,1.651738803638928554e-01
-2.499459928435322809e+01,1.495294017095711858e-01
-2.296257000282759009e+01,1.264324345749625600e-01
-2.356648021617212407e+01,1.504147287605722971e-01
-2.141002605560805705e+01,1.471322590882757353e-01
-2.294705786147029869e+01,1.656854675736575411e-01
-2.229285530871997878e+01,1.303414372338370653e-01
-2.713947537473539739e+01,1.184720108810253525e-01
-2.324078776442695471e+01,1.217190974594606900e-01
-2.407549869037075041e+01,1.055888296481847510e-01
-2.615521416656700637e+01,1.025001612621379843e-01
-2.701339427029363094e+01,1.597828987680642021e-01
-2.555048139125987916e+01,1.240753121310674556e-01
-2.133847555563545484e+01,1.722212809330461170e-01
-2.623360672335208221e+01,1.197143817833491164e-01
-2.628912979481658851e+01,1.246393153190783198e-01
-2.202475416686510812e+01,1.228203678785842468e-01
-2.206097652811233445e+01,2.113510790210129664e-01
-2.174465204374423877e+01,2.449839940946826888e-01
-2.143130769206456421e+01,2.368496852829646282e-01
-2.694976622274232625e+01,2.450310892136518814e-01
-2.123539437724872414e+01,1.825076542646241473e-01
-2.597360821914736562e+01,1.974168536228283477e-01
-2.411063762491018281e+01,2.411723471699178667e-01
-2.656581741009385667e+01,2.143490796571160262e-01
-2.610766242905958734e+01,1.924175488852075677e-01
-2.714830679425676863e+01,1.887377073075569012e-01
-2.159294043056299017e+01,2.018243178950668570e-01
-2.199728604637144258e+01,2.151693869637378020e-01
-2.642380011382961413e+01,2.167532611131045839e-01
-2.188580869899944048e+01,1.972020670654551777e-01
-2.331207926269837571e+01,2.020858621521595400e-01
-2.125112657070042133e+01,2.110131005497452028e-01
-2.247068950580420221e+01,1.765855760922539486e-01
-2.420737856734147897e+01,1.969667919421597135e-01
-2.193485545374696244e+01,2.430878067665191988e-01
-2.457817218464623465e+01,2.131738897269585542e-01
-2.720390243389749685e+01,2.967295117661441495e-01
-2.758826099332425485e+01,2.846668993940427717e-01
-2.552525140663857428e+01,3.087576242747822608e-01
-2.359453823403572414e+01,2.561086369964610809e-01
-2.132648217247152900e+01,3.002028262836676786e-01
-2.427479494379639391e+01,3.148799937836637142e-01
-2.618718659531528203e+01,3.322922165375085113e-01
-2.546038135049516882e+01,3.674161845805771764e-01
-2.774753569157027755e+01,3.583912098872222285e-01
-2.210203176193343211e+01,3.643974899472433027e-01
-2.325114297281041331e+01,3.343989882751939868e-01
-2.274241849075677635e+01,3.717777660000745055e-01
-2.159491156441275450e+01,4.642864397778717067e-01
-2.447031192375069963e+01,4.359513837975672601e-01
-2.468673574013915584e+01,4.100989504522250528e-01
-2.574872247304119810e+01,4.663630085654019153e-01
-2.621397917684849688e+01,4.133043930413799472e-01
-2.119019072898773004e+01,4.215030652563145352e-01
-1.463327918278378093e+01,-5.602008363224691978e-03
-1.621244564715586023e+01,2.558659617161095079e-02
-1.577828240830254458e+01,-4.456894392901009083e-02
-1.963931780774871072e+01,-1.582941692785885812e-02
-1.955056104619893631e+01,-6.894637126436453656e-03
-1.902241767393857685e+01,-3.498196045933063547e-02
-1.750768041634886174e+01,2.518719308689049141e-02
-1.516870841255339997e+01,1.741329649236378341e-02
-1.487812886169332671e+01,2.343055076331730657e-02
-2.093887661573508296e+01,-2.576503360742729565e-02
-1.942240714891430287e+01,-8.403149147300947863e-03
-1.740267187003587424e+01,-1.155939993722926440e-02
-1.720119178867601306e+01,-1.258021918713231324e-02
-1.579838188449892300e+01,1.723118934170358996e-02
-2.011252076301707348e+01,-3.505964860349863876e-02
-1.586332659788868682e+01,1.797904640562397738e-02
-2.096701692519260973e+01,7.672124520898604416e-03
-1.800599830140681945e+01,-3.748023870969438565e-02
-1.823116264441752321e+01,-9.300438317703385582e-04
-1.575168891727908260e+01,2.420984459715956605e-02
-1.748074145324233086e+01,8.111853978717747937e-02
-1.462738013683912186e+01,5.150454735270065809e-02
-1.610961000386413389e+01,6.718202860473163063e-02
-1.521004847661964732e+01,7.669877818199899444e-02
-1.657558676469180625e+01,5.344933293348563819e-02
-2.057405166019238152e+01,4.811235821192202944e-02
-1.711710997029057069e+01,7.896512136051600517e-02
-1.589374935446498682e+01,9.446560372989673549e-02
-1.511529698715352765e+01,8.814559127002172256e-02
-1.560875036419170669e+01,3.097530111972696121e-02
-1.557291093210245947e+01,8.622544271312251873e-02
-1.534436626437417317e+01,5.001363960027621625e-02
-1.968564495569432893e+01,3.134465151914728187e-02
-1.859856091692014957e+01,3.200030746173818108e-02
-1.570928449301312924e+01,3.157958507243735502e-02
-1.486992702959841495e+01,7.261105623116789753e-02
-1.825914194610834329e+01,3.960524423277453354e-02
-1.893038591706319096e+01,9.585961168318157810e-02
-1.767200165576578286e+01,4.202546098338988401e-02
-2.114967558838291950e+01,5.159820667575973352e-02
-1.901459882029384119e+01,1.396414732303311590e-01
-1.852193253272170637e+01,1.092279466201214744e-01
-1.873370804768369169e+01,1.439762538191062258e-01
-1.683243834300191111e+01,1.039583949533204876e-01
-2.083271965834883588e+01,1.153866604535733753e-01
-1.614427361127228266e+01,1.574208550448412680e-01
-1.599337704473394695e+01,1.470877341480666123e-01
-1.847960388591143044e+01,1.505353467996316530e-01
-2.029604443087052346e+01,1.662349840891038655e-01
-1.640374306188512321e+01,1.314655755399342929e-01
-1.490796892989814637e+01,1.641281942183724085e-01
-2.013195165888228644e+01,1.387251559330766326e-01
-1.641863367932110407e+01,1.395639802030081700e-01
-1.586840953594285963e+01,1.738086216477860435e-01
-2.116822267331424712e+01,1.547560217808572336e-01
-1.741925484278027625e+01,1.165665293149678317e-01
-1.973318146349762969e+01,1.459170012449531595e-01
-1.476540960540545200e+01,1.287731164471943579e-01
-1.763310124272966561e+01,1.024869331891145319e-01
-1.638326215667038355e+01,1.334168882540777701e-01
-1.530270912575964815e+01,2.063367813734144351e-01
-1.632741445078799813e+01,1.814325229650745330e-01
-1.480737202137603958e+01,2.251912907156926602e-01
-1.777436839636300192e+01,2.190942215347897737e-01
-2.068913130480264329e+01,2.214296834577781370e-01
-1.506720468055831930e+01,2.438484365733902814e-01
-2.100042883888652057e+01,2.144612142964913981e-01
-1.911646496151146835e+01,1.964201619404728205e-01
-1.577913203368855477e+01,2.373482088137649215e-01
-1.640922861316357739e+01,2.433632457200356758e-01
-1.581577604361027056e+01,1.880410332489483305e-01
-2.024524190349468711e+01,2.471488031678774899e-01
-1.978773036389191020e+01,2.127379511230259035e-01
-1.784578839608263934e+01,2.312947540094674737e-01
-1.962938435988864683e+01,1.942516386847891741e-01
-1.719485987249487380e+01,2.150050606860221813e-01
-2.111676581288595855e+01,2.013258609509473995e-01
-1.797053425290421558e+01,2.087312695456588485e-01
-2.003836270652993790e+01,2.346168082549624223e-01
-1.838197312240947667e+01,2.222164912532719194e-01
-2.028645898093347455e+01,2.690248859027802864e-01
-1.726215638726471013e+01,2.989429370734506541e-01
-1.988429666520414685e+01,2.720826216546090026e-01
-1.876952742145500963e+01,2.642925278343048467e-01
-1.892232277963118747e+01,2.989736862259700367e-01
-1.582023079573149005e+01,3.064355543272507809e-01
-1.997031254197574413e+01,3.310580276110260955e-01
-1.755848681761627006e+01,3.279837969618797922e-01
-1.464279198888812061e+01,3.735349559483698290e-01
-1.784161452197309927e+01,3.698469606620229388e-01
-1.576269138580461515e+01,3.600514972802664193e-01
-1.768440566457238106e+01,3.390054415917800323e-01
-2.096217245226395676e+01,4.111270511922019977e-01
-1.795720898263648735e+01,3.946637081810812075e-01
-1.736024669781660634e+01,4.080619120913174247e-01
-1.460574964407578591e+01,3.978108782287108625e-01
-1.682582752272922733e+01,4.538840172382204718e-01
-1.749228722988426910e+01,4.432050346216267478e-01
-9.384363785114118173e+00,-1.693057482364970223e-01
-1.040172447113432952e+01,-1.483894577427815609e-01
-8.185217827198485452e+00,-6.651181005215586750e-02
-1.111002547959469666e+01,-1.093418718911757237e-01
-8.977520202233591817e+00,-3.379973237337663416e-02
-1.266759726122543839e+01,1.541816736932749565e-02
-1.379100570532752101e+01,3.476986899352171867e-02
-1.398622451564415314e+01,8.078658476265851429e-02
-8.018435769831896209e+00,8.396030131838266852e-02
-8.199204342475951535e+00,4.078255501604119426e-02
-1.184051749875067117e+01,9.964883291330678405e-02
-1.000742977080435026e+01,8.743712273531178969e-02
-1.244339027133294451e+01,7.933408030523472765e-02
-9.463439180110313487e+00,5.378531202754255336e-02
-8.818642347051891761e+00,4.100811702056403329e-02
-1.302228708689503378e+01,2.862049838468214147e-02
-1.022784284773925378e+01,5.860893269495004443e-02
-1.405418093688945191e+01,5.604949141247284050e-02
-1.324656335353385828e+01,7.393329149626184926e-02
-1.187030432232171506e+01,9.426831643690766760e-02
-8.650982172943187720e+00,6.169768182336216045e-02
-1.261486627519940384e+01,3.996206192338336294e-02
-9.088852693805023364e+00,9.113671591226207847e-02
-8.219908977546438678e+00,3.198188865763140765e-02
-1.447594382441363337e+01,1.002238667496672953e-01
-1.399377524676323503e+01,6.077181695855274346e-02
-8.358979950647238866e+00,1.149040706958349700e-01
-9.153567638029102227e+00,1.487139518223143941e-01
-9.670245229992815439e+00,1.502276474563537523e-01
-1.090177642133525637e+01,1.521675803475293076e-01
-1.173895417941774610e+01,1.692301828648025697e-01
-8.381179883437965827e+00,1.180219411147746533e-01
-1.448901200194327998e+01,1.019779904144204608e-01
-1.295756272094219241e+01,1.150787152184554185e-01
-1.178199395045648146e+01,1.732361588017686249e-01
-9.901259812034894026e+00,1.178236426815913729e-01
-8.878272271645812452e+00,1.577508795883128256e-01
-1.440658135328045830e+01,1.273388091228190300e-01
-1.342879548732078376e+01,1.029663228686899801e-01
-1.161398923941244732e+01,1.528289218289816120e-01
-1.200364855896920346e+01,1.061287066794938672e-01
-8.640624869453645829e+00,1.322996299630851691e-01
-9.897710810813791227e+00,1.313270590963016571e-01
-1.154448501327964038e+01,1.479367203674190612e-01
-1.328032448534786170e+01,1.292022955509194437e-01
-1.441471269604878103e+01,1.461343169352957994e-01
-1.127046279064003897e+01,2.275485490099710129e-01
-1.360449852272553528e+01,2.460419682238780270e-01
-7.944648632685442635e+00,2.349479323709021128e-01
-1.404334449519106442e+01,2.325063412817197084e-01
-1.179887093496323303e+01,2.258805143621097911e-01
-9.771832238238403079e+00,2.329516196888716251e-01
-1.070764468024118798e+01,2.377082000061587763e-01
-8.972467250922619542e+00,2.296902169918344505e-01
-7.956471641007425433e+00,2.284022273768092914e-01
-7.937143698766433886e+00,1.858587090612944248e-01
-1.370911932640781572e+01,2.279240709274332477e-01
-9.999202918559021214e+00,2.337970355877060646e-01
-9.744545033709414383e+00,2.471853596560944777e-01
-8.678724104404281547e+00,2.250417228098274269e-01
-1.135704282380957864e+01,2.211586432153436477e-01
-8.597402385322396867e+00,2.240401275802773595e-01
-1.345950402048038086e+01,2.095125872843990322e-01
-1.046219719261881664e+01,2.370775070812256025e-01
-1.230831416900196018e+01,2.216920094404751240e-01
-1.441901623332641691e+01,1.946925977875829383e-01
-1.024668610788729950e+01,2.806707258278802186e-01
-9.385831729223951925e+00,3.078627606683336793e-01
-1.125537634272612308e+01,2.688559020681571265e-01
-1.166556233498030792e+01,2.839388788234260552e-01
-8.172289783305274113e+00,2.843523765943890558e-01
-1.198814030253952012e+01,2.585029488245813023e-01
-1.193266728170104329e+01,2.486542462604461323e-01
-1.083254200006591361e+01,2.602955660122561743e-01
-1.050405975424868643e+01,2.911686665315695310e-01
-8.260958636942035582e+00,2.959047615734344272e-01
-1.264695123214957562e+01,2.922961596519485505e-01
-7.974359305359072891e+00,2.829044055990918016e-01
-1.193679630730049723e+01,2.574145820939226503e-01
-8.442369147557954534e+00,2.857676352578653045e-01
-1.183406069135098448e+01,2.798384633027910517e-01
-1.409710597452659897e+01,3.084196683667801420e-01
-1.223904857397616297e+01,2.885218350903027140e-01
-1.277485351451495887e+01,2.989482956906701627e-01
-1.279673739800858812e+01,2.842239268534599295e-01
-1.022278382256592977e+01,2.777167470150551654e-01
-1.179301128799544074e+01,3.594627032268649103e-01
-9.619100600929485267e+00,3.619333065335770261e-01
-1.329338934105120984e+01,3.708321397169352940e-01
-9.273389673704272695e+00,3.884301091235089487e-01
-1.129758228942338860e+01,3.386942221589329671e-01
-1.305337067481433166e+01,3.636968713677375953e-01
-1.349473771465656569e+01,3.260906728174860492e-01
-1.371209105817085572e+01,3.902193901860196434e-01
-1.305487744942665529e+01,3.230116468856210066e-01
-1.443566810688804480e+01,4.536709609672543442e-01
-1.202332355193487956e+01,4.058502069672255130e-01
-1.044306236269135013e+01,4.672900818277925805e-01
-9.666671633335084834e+00,4.518175862962797718e-01
-1.113140636963191810e+01,4.319212163715231423e-01
-1.022122400327620539e+01,4.301122309212881412e-01
-9.912160176542471390e+00,3.956296203051872240e-01
-1.128707518163524526e+01,4.046377208157790895e-01
-5.723209302793108577e+00,-1.308262691684654311e-01
-3.852655416935903077e+00,-1.425059751670056385e-01
-7.393189330505691714e+00,-7.782924529620841025e-02
-1.971786364829071658e+00,-4.861905769964348922e-02
-7.326082267824702399e+00,-4.387898463927852877e-02
-7.350048616639909937e+00,-1.708417585991939269e-02
-7.085558285424454539e+00,7.718587179549124544e-02
-2.524695659435607809e+00,9.471548545762689675e-02
-2.135574124176670807e+00,5.434091172077226695e-02
-4.769800835730109156e+00,3.782124910218737091e-02
-3.714391770758723510e+00,4.494016162101782674e-02
-7.487661068627033956e+00,4.155645721149470173e-02
-5.886821347056240938e+00,6.841669647740447613e-02
-5.472957539832847829e+00,5.416227375002102828e-02
-1.772164750834534175e+00,6.121418781168289081e-02
-3.872102898516658342e+00,3.394138700056259506e-02
-4.080820800985776486e+00,9.935236590818705138e-02
-1.335402793871068639e+00,5.427884283583248037e-02
-5.304137584704790243e+00,9.243425177136951887e-02
-5.135004550055313643e+00,3.738772351406013938e-02
-5.667000271207243145e+00,3.242695318816313232e-02
-1.873513699798380117e+00,7.399246150473637318e-02
-5.218262336669852175e+00,2.966879974777952844e-02
-6.701182504414589403e+00,9.853612900462448143e-02
-5.087508827695373270e+00,2.823494175789853511e-02
-2.622900004911485894e+00,7.829771414207600810e-02
-6.318323212390197341e+00,1.284459490556111583e-01
-1.492091505275695340e+00,1.536233826035355576e-01
-5.759596888403379467e+00,1.520365813722671100e-01
-5.546815527311380833e+00,1.221432518300632486e-01
-7.481349080162758014e+00,1.004268095434854846e-01
-2.524496157382515094e+00,1.327530845013325245e-01
-2.883923586689675744e+00,1.710464350370573539e-01
-6.980964600668244202e+00,1.566392257128889631e-01
-1.697447940561744417e+00,1.668351429329649471e-01
-7.099361931116092705e+00,1.204191398819154379e-01
-4.713405345288421699e+00,1.092490739411498823e-01
-7.034317727646623553e+00,1.018277435353685811e-01
-7.689729552228740772e+00,1.136422111356192588e-01
-6.025591072336140996e+00,1.113470853875100919e-01
-1.915953646431049151e+00,1.626130538170423578e-01
-1.213609401589238246e+00,1.390197106718381592e-01
-3.429816895539431698e+00,1.015161441014726385e-01
-7.622167540949504883e+00,1.269478879129552484e-01
-2.896932950382620220e+00,1.600485594541958267e-01
-1.349951744922023522e+00,1.615310572943539080e-01
-7.381404686975670870e+00,2.460548491801404225e-01
-3.928699050841629514e+00,2.187527109875613829e-01
-4.359359669761886380e+00,2.175974614266799056e-01
-7.260525123875538611e+00,2.241288401589366930e-01
-3.494224796081837781e+00,1.825009282891677520e-01
-2.016176505948791942e+00,2.472434095567664358e-01
-6.407787203539115239e+00,2.012172857687269389e-01
-4.942085615086000416e+00,1.858235234944727032e-01
-7.370602679555418035e+00,2.054352715426155107e-01
-3.289368782581206574e+00,2.081139027139961017e-01
-3.653841730021611056e+00,2.447634497162342604e-01
-6.473971966939188860e+00,2.037092416980483267e-01
-7.683037329497395262e+00,2.199881421860157282e-01
-7.608815318355411250e+00,1.976005442540895163e-01
-1.496672479984468396e+00,2.398964359658076195e-01
-7.450578501391049713e+00,2.171230754423426335e-01
-3.043765712442663585e+00,2.107861459300780504e-01
-6.167733833656456000e+00,2.360490148942933353e-01
-5.850023010192714423e+00,2.179034194097806965e-01
-1.474909106795252001e+00,1.904032572573027271e-01
-3.543529070203334186e+00,2.502301772557972148e-01
-5.670129899753902691e+00,2.649954179483532402e-01
-7.651465434284830280e+00,2.556147634382385236e-01
-2.858514104738929973e+00,2.586642935745933070e-01
-5.012009751038931427e+00,2.585762092549191982e-01
-1.621629224425532811e+00,2.620054749568614394e-01
-2.850656557162153604e+00,2.755564184737411271e-01
-7.343182520377908418e+00,3.092491857548927414e-01
-4.946523643551230975e+00,2.488165620808304446e-01
-4.843798773620690667e+00,3.129174936795689477e-01
-6.672815437734982424e+00,2.718498377132170241e-01
-7.356176977129990746e+00,3.064935620337102540e-01
-1.715029298074654207e+00,2.770865208863960705e-01
-4.862356690951486371e+00,2.704741806580346353e-01
-4.587518781801591672e+00,2.676790708927991314e-01
-6.839669276392100983e+00,3.144221443560518692e-01
-1.255293742362908915e+00,2.538477327900622305e-01
-3.165399629225248646e+00,2.720073378347921400e-01
-5.968607908105568072e+00,3.071942512686401949e-01
-3.310531482862089092e+00,3.101305914576850675e-01
-3.545412229053127362e+00,3.859032787806216946e-01
-4.041993676482348974e+00,3.554079255969184725e-01
-4.911492087632041148e+00,3.565227478817625251e-01
-2.793364215773010528e+00,3.883096952887691300e-01
-1.869132325665006533e+00,3.653344475724352725e-01
-2.407007870847294839e+00,3.804891712232950640e-01
-1.544390909438433823e+00,3.639011884731144231e-01
-4.183953591469006028e+00,3.238603545738431011e-01
-6.546994313196449866e+00,3.515265861902029387e-01
-2.135692278104400543e+00,3.723844692267775924e-01
-7.041209473228590809e+00,3.783688675558242731e-01
-4.970746983870185431e+00,3.727243256761074708e-01
-4.077253312791270901e+00,3.699727846411501320e-01
-2.783022168083221004e+00,3.342005052508588703e-01
-4.640656129224382198e+00,3.606441019879759735e-01
-3.188423142755851813e+00,3.869809005665192370e-01
-2.360599111541333173e+00,3.344779800524005919e-01
-7.017155490698300468e+00,3.564099470893353772e-01
-4.588968799499056672e+00,3.730342038948696315e-01
-5.390048022339684053e+00,3.725724955294433816e-01
6.145801363920924132e-01,-1.761478400809400879e-01
5.506647078389889316e+00,-1.247670497247724136e-01
1.099200838115621082e+00,-1.076335845507776223e-01
3.976206480005856747e+00,-5.434002608286012115e-02
4.482081363739126800e+00,2.093608742786223775e-02
5.017746216269443948e+00,-4.395851827428132186e-04
4.317741401081249819e+00,6.749282163065839502e-02
3.409288924292908973e+00,6.199839019640115967e-02
4.369441383829752112e+00,3.505258204061181826e-02
1.202067187149921779e+00,7.760599366942946831e-02
4.372162906084241740e+00,8.257111713258424857e-02
4.565684542732313389e+00,5.512812727528124124e-02
2.040889624009764702e+00,5.843500764364506495e-02
1.373844291810542018e-01,8.842080541114655245e-02
-6.357758292796518163e-01,3.211917985215978488e-02
5.427200187039872503e+00,5.281917250388315499e-02
-9.620889486639896404e-01,7.647855536481770744e-02
2.048071119953220887e-01,9.091017114019425693e-02
2.364869948767790220e+00,1.000595708736079087e-01
5.628443139356420488e-01,9.880774515255368040e-02
6.293720675604816961e-01,7.510163102726818973e-02
2.800984546775680428e+00,5.353944767367729840e-02
1.936359580686016102e+00,5.697681478164240421e-02
1.802159228282789627e+00,6.285212903356912628e-02
2.623087465930368012e+00,8.431836752705532123e-02
8.749621853321229992e-01,7.793640685190864059e-02
4.048104322270859257e+00,1.064704510076189825e-01
-5.847598436692607038e-01,1.716681346561647614e-01
1.472336512277507836e-01,1.291527431006288806e-01
-4.141306601825220923e-01,1.378987386155740569e-01
5.274072575232395366e+00,1.737896167863015595e-01
-8.317835897347976015e-01,1.536020391831492138e-01
1.316633919258393348e+00,1.290085860193306844e-01
-9.952151623101883615e-01,1.062125894649987301e-01
2.836955203714538243e+00,1.646112359940102854e-01
-1.109830142171574607e+00,1.552074155125013899e-01
-1.276534986068895705e-01,1.463938044050598630e-01
3.435218492811287661e+00,1.657555427727293584e-01
1.510643872507671404e+00,1.046231046849824264e-01
4.848655835842350825e+00,1.181386582007006580e-01
3.760079348983850878e+00,1.213955180501395947e-01
-7.917659757525399300e-01,1.281731020975206692e-01
5.056223860946346349e+00,1.289891830474657608e-01
2.515129298429883420e-01,1.480247227845036817e-01
3.979440769453518101e+00,1.645638676634399999e-01
1.827587306157099079e+00,1.051661386031301493e-01
4.911469323352264382e+00,2.391508306755665281e-01
2.313196673910255186e+00,2.082156827282151401e-01
2.045477577525616653e+00,1.910650250644571335e-01
2.870503897060785903e+00,2.427720495990868810e-01
1.912277265679136917e+00,2.212142566989541703e-01
1.639104889353603767e+00,1.967951996369015633e-01
8.535233092306242497e-01,2.128839361125704210e-01
-9.060676312189457349e-01,2.240160225893745860e-01
2.594312206496326212e+00,1.847522962338789265e-01
3.599187329514634826e+00,2.022424590776965014e-01
2.553876157629517252e+00,1.929961242421010525e-01
5.012307658791797849e+00,2.448028611312743075e-01
1.058595908780844752e+00,1.809699661523098135e-01
-4.240000385225073387e-02,1.930374169203986912e-01
3.279889258102087979e+00,1.851364814194839947e-01
2.198081030201876729e+00,1.846405002295418152e-01
2.596856136031021833e+00,1.975180949195692592e-01
1.535149378361310823e+00,1.814879219933279719e-01
5.272715175305307866e+00,2.016499204694408021e-01
2.090913077161786759e-01,1.782993939307393749e-01
1.369132027149092323e+00,2.635668141141579435e-01
2.248170503930069231e+00,2.963605844200855044e-01
-8.671199218983218771e-01,2.504540240020228792e-01
7.535574483552380798e-01,2.632344310711698387e-01
1.925343851057291999e+00,3.209222829180333747e-01
2.461171381921758439e-01,2.642922800065805045e-01
3.415214413832757145e+00,2.977772716712648315e-01
1.046474689031910543e+00,2.790411292756952433e-01
3.177635693066875433e+00,2.904782585594371525e-01
2.992943881577119214e+00,2.598444320212680014e-01
3.250824205604772033e+00,2.601547309198084523e-01
3.743584712698876160e+00,3.146830491423843190e-01
4.751640726560012240e+00,3.140337628239711076e-01
4.663438247988580088e+00,2.993017880438475498e-01
2.051807168871661702e+00,2.886686179675168606e-01
5.341202581322747278e+00,2.680840284466821100e-01
4.083713080070879187e+00,2.556381201828831218e-01
2.536933639490769110e+00,2.962015977713104986e-01
2.767493573965609244e+00,2.743249537279799366e-01
3.603113606832977212e-01,2.756537238206806517e-01
2.169172249340263647e+00,3.347960999865570164e-01
5.456988602048269854e+00,3.878329489807743058e-01
-1.120250446575994374e-01,3.457889629201321702e-01
1.057856006320889719e-01,3.259927178595919406e-01
-6.621219896459678012e-01,3.677361579744564679e-01
2.865460075892087843e-01,3.746074791932394454e-01
2.793745561718566250e+00,3.918282554686486341e-01
1.115777040251472840e+00,3.944860775750426152e-01
-1.028143387461270208e+00,3.878594142179215276e-01
1.156976106624085787e+00,3.415084703557806911e-01
5.519092460855304694e+00,3.577133549300341442e-01
3.936073062060600591e+00,3.742930883958264232e-01
1.826297139814215598e+00,3.746567125076504801e-01
1.913539072318229728e+00,3.600568759630021765e-01
5.466395871767502967e+00,3.552321354639160766e-01
8.200467597952325605e-01,3.892290590493765468e-01
3.430198982262695040e+00,3.404453205964533824e-01
7.231380968962923816e-01,3.915279233520427282e-01
-7.163596455134353391e-01,3.613164603209827463e-01
5.096172110334435956e-01,3.681605012703930702e-01
1.049284141085405508e+01,9.843533456298225737e-02
1.109650033656292578e+01,6.186711314625056857e-02
6.487305251179620313e+00,3.568704815705378564e-02
1.054044216785680987e+01,7.006741280987652254e-02
9.549519857066684381e+00,8.619836892793705796e-02
1.186679829246388351e+01,6.344094476553310824e-02
7.399244248798979129e+00,9.451753789121922211e-02
7.471689236000969458e+00,5.320591129868243452e-02
1.209998165630815947e+01,4.676936018588664923e-02
6.872200758246393093e+00,7.816344098495123238e-02
9.896103223749264544e+00,8.084071748535132107e-02
9.356541144934652721e+00,5.279752760362865782e-02
7.517987236187963163e+00,9.498098095885612602e-02
9.194730789767433521e+00,9.354106130522640838e-02
8.139211771965904063e+00,1.105568139676968709e-01
7.175772628245269402e+00,1.154789747810643086e-01
1.194812374059188187e+01,1.614044552992126846e-01
8.382044093240494931e+00,1.732980845836485373e-01
1.058870297396265414e+01,1.523794448639326782e-01
1.086409180440489308e+01,1.254396748882017354e-01
1.091586488588967541e+01,1.141143744629852796e-01
6.226228341187976412e+00,1.122662405295230814e-01
1.022638544828612339e+01,1.507435338318099949e-01
9.090524147779291297e+00,1.368421686593686570e-01
7.464169552515031114e+00,1.476151651266096321e-01
6.384074057164525584e+00,1.624652050358437738e-01
8.097170279877786925e+00,1.246203100637683359e-01
1.076311304418858583e+01,1.443126644510770440e-01
6.891141215600811165e+00,1.649591853355902582e-01
1.149591588020965105e+01,1.700542528053592961e-01
9.592420217437961583e+00,1.337716985772270106e-01
6.975777749071440326e+00,1.029855610191122706e-01
5.761882634677178316e+00,1.708370122044288453e-01
5.968125589071092918e+00,1.651927366392412777e-01
1.117193923367841535e+01,2.302370566906282723e-01
8.935030552136851156e+00,1.983308815197643016e-01
6.267434730063158099e+00,2.389904971841984305e-01
8.298580233317721877e+00,2.079315820238364920e-01
5.733529380784219143e+00,2.317954437469924855e-01
1.203079864115497344e+01,1.884142556858190987e-01
1.187999420568822018e+01,1.767909408831979390e-01
9.452373845159570465e+00,2.121640929445449131e-01
1.157602900505824550e+01,2.336756854423869267e-01
1.150155728748273987e+01,2.032885386424295449e-01
6.406159184606138979e+00,2.052206844276899256e-01
6.304857155479979269e+00,2.098483483661705007e-01
8.408086281190193745e+00,1.895930394283289744e-01
8.496227697527601208e+00,1.897376220077412468e-01
8.810914313939207432e+00,2.054636737902865995e-01
1.017212683876677204e+01,2.219791726606164528e-01
9.708057050693085444e+00,2.230749821233394825e-01
9.192971776687173247e+00,2.006933346704481425e-01
8.736210693021405405e+00,1.851033587737814512e-01
6.114915109308256547e+00,2.050391259107783859e-01
9.452493592335002859e+00,2.960483458302465287e-01
8.492966146542187289e+00,2.966609725482002302e-01
7.894133770670578087e+00,3.031714988393068300e-01
1.061030924595128511e+01,2.835136638378509266e-01
7.747896312668984820e+00,2.654504822339451842e-01
1.028377875581567480e+01,2.950725545035670638e-01
9.631424123376575608e+00,2.969103560039066392e-01
6.806306589366528215e+00,2.699946958902816885e-01
1.046603243439896858e+01,2.635457716947615658e-01
1.049588511638883404e+01,3.044508222449671120e-01
1.033482025480651600e+01,2.843844806053588137e-01
6.546713521876171171e+00,2.766395436366182459e-01
6.034139001360529164e+00,2.790991604353108557e-01
8.140617095804302039e+00,3.205424586797996356e-01
1.064574991656068903e+01,2.814664349949508870e-01
1.213455370412771117e+01,2.615366729935538759e-01
8.907960635053541409e+00,2.693853689178696831e-01
7.306869472100316898e+00,2.777382150201217481e-01
9.256970938617783418e+00,3.051927598977823841e-01
8.715272518699094917e+00,3.076998263515058896e-01
1.043536636808313744e+01,3.679491753638034490e-01
5.611821317201943771e+00,3.369238332896513088e-01
7.331929867317327876e+00,3.417045988123703637e-01
8.706795874755044906e+00,3.233842161755479117e-01
8.754665374020703439e+00,3.226769539074444970e-01
1.049907001693233610e+01,3.482343818504952115e-01
1.131314732560770153e+01,3.624422906966360269e-01
9.608641219292664459e+00,3.588970637073098935e-01
8.574091691120329983e+00,3.326301520637219844e-01
6.310251774696794769e+00,3.545107635159998605e-01
1.080629817595549014e+01,3.426314009658233406e-01
5.860721123621360107e+00,3.284394398926472336e-01
6.358776645041885445e+00,3.413264303685749068e-01
7.564178559861062467e+00,3.799481048325248356e-01
5.609113785186039536e+00,3.267214177584910617e-01
9.319055469010763204e+00,3.551994954525711234e-01
6.755269605679302458e+00,3.478292660288642146e-01
7.316846771048986398e+00,3.471921760475183971e-01
9.196360744480813310e+00,3.811214087950685614e-01
6.291888426602071149e+00,3.489760550476100898e-01
1.650988092733526003e+01,7.243745730587511367e-02
1.527182776667342523e+01,7.662449757998382460e-02
1.710181895872560176e+01,5.302584464001772191e-02
1.856561379829931013e+01,4.029128356637581843e-02
1.724057593722854165e+01,2.947131527460297717e-02
1.627248719770291530e+01,4.216935138677174733e-02
1.824645465482458917e+01,3.818178072936342926e-02
1.385101012602989101e+01,6.684778120282722225e-02
1.246050008109298801e+01,7.834096231955361977e-02
1.475788964758000077e+01,2.893344760722163511e-02
1.579560271601025079e+01,3.069874667225402920e-02
1.730818300865175274e+01,9.777455070136481519e-02
1.812270121262623945e+01,6.355353698645191396e-02
1.615633456216697539e+01,7.375777993123575071e-02
1.434980803552241468e+01,9.651408871256686450e-02
1.831086038361307544e+01,6.956956253222365549e-02
1.784569352295574163e+01,9.718495770648219456e-02
1.551494551750641904e+01,9.006283502968831511e-02
1.707174043527467688e+01,3.064684893010571898e-02
1.865365898414565038e+01,7.384864482140415798e-02
1.681142776918369464e+01,1.467778842560227837e-01
1.322860639413146089e+01,1.360764974010427453e-01
1.229404029268691545e+01,1.331026504973409075e-01
1.318234693114635547e+01,1.656125480989466825e-01
1.531857435068440054e+01,1.512561097001015875e-01
1.422473099751344705e+01,1.354055166624357764e-01
1.693016112808386708e+01,1.043567380565015579e-01
1.707470203912960471e+01,1.682995388401400672e-01
1.886168013998313597e+01,1.127102074160993561e-01
1.704691178344356217e+01,1.217154676043429862e-01
1.243822244169699331e+01,1.517705433023112949e-01
1.337401190382621508e+01,1.378241302543385949e-01
1.548082217013094919e+01,1.392311378717136505e-01
1.470734041928396607e+01,1.227369530479014981e-01
1.529236935903090000e+01,1.546203625184436325e-01
1.338822533529801717e+01,1.674359886362810079e-01
1.311921878171507672e+01,1.581848377372093162e-01
1.573645471392342188e+01,1.028660962740147178e-01
1.615827703342577593e+01,1.577157251987400532e-01
1.422090243691171452e+01,1.699549182424031635e-01
1.324720962265739388e+01,1.887213656443936516e-01
1.612492390981897472e+01,2.248516695235985574e-01
1.651064057019986819e+01,2.216299446175593046e-01
1.787120691576079423e+01,2.186532311720545130e-01
1.691252747641132714e+01,2.381272465912390723e-01
1.246976597722586177e+01,2.130505520826018184e-01
1.764866373440396785e+01,1.756536949167312733e-01
1.841589324603228306e+01,2.282070028266195982e-01
1.222452202582023517e+01,1.874831941723387740e-01
1.231989316305462978e+01,2.045311525620502335e-01
1.800143385102050786e+01,2.048590957129383106e-01
1.845450179187434969e+01,2.310816598860557236e-01
1.842795444371790836e+01,2.137784033668296835e-01
1.374556413369566599e+01,1.738395068165048962e-01
1.273009821194544600e+01,1.801034005778373581e-01
1.713865877676126104e+01,1.894826990478085116e-01
1.742411253047535524e+01,1.790456867230198756e-01
1.555078247440332007e+01,1.843607953324719606e-01
1.425352608579265734e+01,2.048584922019555110e-01
1.323083559718912738e+01,2.392030481521532082e-01
1.482709182704212481e+01,2.479137573740755607e-01
1.645377848669303944e+01,2.513792677668010289e-01
1.693609211917647883e+01,2.532164342346682195e-01
1.644765957373012100e+01,2.770496771288976645e-01
1.505710961961368355e+01,2.479019583882752231e-01
1.748555530939243852e+01,2.798816360712187978e-01
1.222449449718136805e+01,3.209232547013734504e-01
1.746561496348100206e+01,3.206684198933962282e-01
1.224291664258986145e+01,2.573691887821736857e-01
1.458372808156622114e+01,2.901614449990482791e-01
1.567386947845284340e+01,3.004379525939150919e-01
1.280485309798105220e+01,2.881177098289648408e-01
1.667173583093334344e+01,2.666221730855539152e-01
1.351390800040424267e+01,2.905891427101138236e-01
1.444937000473744604e+01,2.519995676965289810e-01
1.458738891823968231e+01,2.588382938265069155e-01
1.461061366342241286e+01,2.625292350798824614e-01
1.728536837745402011e+01,2.601553375093904052e-01
1.681596854190011925e+01,2.641097262814637858e-01
1.569344723656109863e+01,2.717294023600723696e-01
1.470750042996679952e+01,3.600137082144710399e-01
1.739664171042301177e+01,3.659697180659785554e-01
1.602444350418841168e+01,3.723708918877568497e-01
1.565121555061141123e+01,3.865442487660097348e-01
1.260961257376040123e+01,3.212380998348198791e-01
1.764562338850153367e+01,3.785733656146720305e-01
1.358482697989434484e+01,3.738314115037728591e-01
1.635914430126801733e+01,3.758642949020842838e-01
1.256200909380504527e+01,3.565456919367894217e-01
1.887065578636637042e+01,3.451727349773008324e-01
1.770644122916900187e+01,3.583551494732529763e-01
1.436906021907836362e+01,3.363316340814605510e-01
1.775556133217349952e+01,3.837977321733124225e-01
1.837775084079922294e+01,3.412618370177926685e-01
1.383866421265609858e+01,3.318242271832727575e-01
1.322642508149533569e+01,3.766077692032023250e-01
1.548195192491657224e+01,3.209866410245809099e-01
1.839497398611457868e+01,3.640325162928341740e-01
1.810000941688934972e+01,3.942912331727890241e-01
1.796420365964733890e+01,3.674123580793819399e-01
1.419602981574035994e+01,4.357466154691889693e-01
1.551891411065473392e+01,4.377078682393726328e-01
1.884836725878184893e+01,4.422593750489384190e-01
1.670685323946156586e+01,4.443071621367099544e-01
1.510299156788830999e+01,4.504506707508003638e-01
1.235207891296158778e+01,4.151397529521413388e-01
1.433603701526946850e+01,4.486308732717920744e-01
1.400764300555429998e+01,4.259497547047513266e-01
1.388907465757706916e+01,4.357430046777547306e-01
1.645502271682761375e+01,4.523624546609447683e-01
1.853585341015923404e+01,4.477281041187006760e-01
1.436294596283322278e+01,4.565834356324758314e-01
1.701964220505793435e+01,4.310189603284459436e-01
1.415001429645295161e+01,4.303186340243241315e-01
1.378308180665224825e+01,4.387009641094923862e-01
1.567474384468098947e+01,4.000444466388455855e-01
1.476614137258437154e+01,4.152855328467561780e-01
2.149312111368162448e+01,1.534341703936378254e-01
2.335265701377083758e+01,1.185148216894788831e-01
2.192283481204171380e+01,1.395196865875105163e-01
2.070423736402121051e+01,1.012401963328093679e-01
2.051306973051097771e+01,1.493744163570231431e-01
2.087020438000098466e+01,1.310938286034435962e-01
2.084257100617649883e+01,1.449409934261925714e-01
2.327247449906582233e+01,1.109720542070869731e-01
2.122410651491927069e+01,1.273696030261230461e-01
2.505736525193835007e+01,1.514731582301511448e-01
2.056776498872400794e+01,1.590862220074379108e-01
2.420457353611392648e+01,2.342428252824889090e-01
2.217863118872351436e+01,2.324357073152474862e-01
2.504031329402414485e+01,2.202866476903190263e-01
2.111330481218936939e+01,1.805787675814387039e-01
2.373734205906424677e+01,2.082577473753821073e-01
2.415460201861480982e+01,2.015964040045613859e-01
2.004279407789458389e+01,2.066956782151954941e-01
1.976569659086189290e+01,1.999650728092058349e-01
2.157268389961690502e+01,1.832070790474561728e-01
2.037572175477413339e+01,2.008367904452627029e-01
2.249223283065222745e+01,2.385329356206449536e-01
2.383020827983418144e+01,1.811999291496522446e-01
2.336897853138472669e+01,1.786258699705029207e-01
2.233169216942714286e+01,2.171762572566941496e-01
2.349349994771657180e+01,2.372373347807233412e-01
2.490471842234451572e+01,2.353450174076008039e-01
2.161839353480132786e+01,2.024949011208209415e-01
2.232443227114031004e+01,1.881029077507555824e-01
2.196500639572693103e+01,1.946078521223313373e-01
2.191839501138829860e+01,1.838815373537809883e-01
2.317845395849877832e+01,2.939862560073364661e-01
1.945247072286471735e+01,2.849588826538348996e-01
2.338859640494391101e+01,2.505035311060537229e-01
2.309819749689444279e+01,3.021250620362500028e-01
2.078132978409482234e+01,2.940575932400405490e-01
2.412648924149716834e+01,3.164227631186596335e-01
2.428772307432612365e+01,3.016893702196226101e-01
2.225681849294747394e+01,3.003200827339972956e-01
1.920254560347134998e+01,2.519303155478360701e-01
2.225340608771267625e+01,3.131105930045514629e-01
2.136938895137561190e+01,2.934264184603357362e-01
2.415582041064013197e+01,2.736022011458712488e-01
1.983694014529623928e+01,2.699811329206047716e-01
2.314997971475314387e+01,2.960787573550083818e-01
2.312826436125277496e+01,2.601970645730778964e-01
1.926059375954507402e+01,3.012954350174963380e-01
1.992847117720025096e+01,2.873446839993657465e-01
2.376438875214880397e+01,3.160346610294461622e-01
2.008081602927391884e+01,2.651604356688950226e-01
2.135216401266526987e+01,2.583027843587787364e-01
1.959632310245370945e+01,3.345818204255288641e-01
2.120426167317467048e+01,3.852844712324433041e-01
1.978121408979906448e+01,3.752898391441639170e-01
2.431841514268035098e+01,3.476741906248100311e-01
2.467304060508317320e+01,3.248522142282402880e-01
2.310750618710386561e+01,3.426729758029207762e-01
2.375224462317557084e+01,3.339545745040798375e-01
2.475093712575613836e+01,3.755719678560181518e-01
2.267927435485482590e+01,3.900214126512450141e-01
2.359401013743246267e+01,3.349392968648448043e-01
2.314116659037331658e+01,3.290328536083694244e-01
2.109514311152231869e+01,3.772322227398519079e-01
2.470065212784334108e+01,3.790527816467691435e-01
1.903837277126733341e+01,3.907593465326284488e-01
2.129558607534477233e+01,3.784454675185654482e-01
2.521596577235037273e+01,3.526549013767146246e-01
2.495732671639929379e+01,3.394690900930926736e-01
2.195002302922570436e+01,3.483144591764126830e-01
2.500912050380978258e+01,3.307504330222407751e-01
1.954506701172979888e+01,3.589459107735581966e-01
2.520955864129962265e+01,4.333755855603651508e-01
2.196714072025410758e+01,4.224508081067983589e-01
2.349307345144610792e+01,4.596992411261534572e-01
2.040589467237749943e+01,4.557274246062769096e-01
2.499556081388575990e+01,4.399833895069016343e-01
2.232590864008619747e+01,4.524812434313280618e-01
2.092171239568942553e+01,4.040279565587661104e-01
2.215016160491272501e+01,4.488304564236099137e-01
2.237770484066088272e+01,3.971379312037944254e-01
2.366925391878392304e+01,4.215252603397683373e-01
2.343489791828247348e+01,3.989820764176361667e-01
2.090369638168226629e+01,4.399496032726238903e-01
2.202554485069860846e+01,4.530705544628832460e-01
2.109485902498427379e+01,4.273759582624265252e-01
2.118306369572709968e+01,4.080045367459441685e-01
2.238795824676726909e+01,4.342463293946398628e-01
2.229951503549912672e+01,4.244348856937426584e-01
1.964350430543923665e+01,4.497329596204037161e-01
2.516787453587751600e+01,4.253129500397238583e-01
2.346553153469750441e+01,4.114523305230269323e-01
2.856822925478869024e+01,4.088652808416826101e-02
2.933303814185892122e+01,8.583033459839797819e-02
2.902733210908364470e+01,6.376948365229856419e-02
3.114450088115253834e+01,4.609091353409008884e-02
2.956820919132569259e+01,1.356754339560602429e-01
2.594375116451125507e+01,1.255346814916166176e-01
3.161840256429353246e+01,1.327241989845350800e-01
2.623364099317326747e+01,1.632254214027946404e-01
2.758011246873367384e+01,2.375674678358117853e-01
2.810745526392729232e+01,1.962979910265206240e-01
2.863411692972792366e+01,2.256068973665281141e-01
2.620692887812550964e+01,1.784227993343883156e-01
2.890695423910247541e+01,3.131225108691639836e-01
2.785914407853158536e+01,2.543712060860366941e-01
2.679063599122576989e+01,3.106770197218828300e-01
2.885919421994096012e+01,2.792000139406132231e-01
2.922839893691518398e+01,2.694402359879526365e-01
2.985004384976878100e+01,2.910315608129878662e-01
2.643245576525677620e+01,2.653823659654931943e-01
2.776010060592369655e+01,2.750412123263348829e-01
2.823538776940138462e+01,3.014686918524076553e-01
2.734291256605034448e+01,2.515265248610329962e-01
2.761115793879378089e+01,3.177182576386236024e-01
2.994350989783035288e+01,2.637713154448141362e-01
2.637387429833135855e+01,2.523459072992819685e-01
2.720646659268030021e+01,2.747041490099219052e-01
2.726447547315143538e+01,3.147703343727383807e-01
3.052012031009063264e+01,2.497912965135256902e-01
3.208324554466982192e+01,3.026897642487260676e-01
2.780460623579497792e+01,2.552645197611068673e-01
2.969320818191695821e+01,2.689708935796074618e-01
2.985451425221305044e+01,3.114513366920903525e-01
2.989256840316417652e+01,3.857391693951699452e-01
2.752162491120276400e+01,3.258547960877489769e-01
2.700633712428054878e+01,3.852829217805338047e-01
3.015061745366747914e+01,3.450317628688424065e-01
2.671541270912315724e+01,3.567848356161977819e-01
3.206492059211757351e+01,3.339277735871791775e-01
3.107184366730467673e+01,3.575293719178355145e-01
2.698752242142276714e+01,3.813214423401865005e-01
2.654590478714318635e+01,3.446712942921035250e-01
2.907791066876767161e+01,3.212219493987031882e-01
2.694874297897648319e+01,3.888817849416895678e-01
2.641812552599814978e+01,3.635973458332702468e-01
2.885407951261012727e+01,3.460481154980914464e-01
3.100787871243650784e+01,3.674973296411619961e-01
2.585430277344993044e+01,3.418667582695431029e-01
2.741222663599361908e+01,3.446955302129707799e-01
3.038730204303612936e+01,3.910379031172333542e-01
2.947606681401356354e+01,3.497810125546296778e-01
2.750281139313295853e+01,3.243843316085994744e-01
2.713549558889479840e+01,3.551090863405446107e-01
2.643993979539159511e+01,4.066210470751164818e-01
3.045936344870011681e+01,4.070417404581888055e-01
2.832775650705416126e+01,4.511449959883843674e-01
2.828918450827332265e+01,4.325248042432505713e-01
3.191294177897368911e+01,3.947163433114406206e-01
2.814550959099780414e+01,4.127802573504353312e-01
2.905663377880888731e+01,4.359894275803724017e-01
2.781301926855900319e+01,4.166717909378871987e-01
2.744329823578146943e+01,4.590524387446971999e-01
2.975393944203734975e+01,4.569317044004801986e-01
2.799820120105746923e+01,4.236116075488887134e-01
2.974057971431767555e+01,4.284562680332560936e-01
2.603704295344019215e+01,4.156090848391262860e-01
2.759870732487786427e+01,4.012319634784412004e-01
2.639205966572076534e+01,4.153224619652901017e-01
2.860045690235315874e+01,4.079534120216174453e-01
2.806703917730000342e+01,4.539884212663082286e-01
2.929877880459356732e+01,4.250920576704713127e-01
2.694710627227438238e+01,4.257406466306064563e-01
3.019603294774451285e+01,4.481182156356903201e-01
3.013524594180337601e+01,5.076649463701029541e-01
2.868855148967296032e+01,4.734177028945421029e-01
3.140544097833058856e+01,5.300683967145831677e-01
2.842561548021403439e+01,5.140162372412080405e-01
2.769420634404238513e+01,4.870284508118946087e-01
3.190084743339656370e+01,4.954194169950280058e-01
2.789322542558907969e+01,4.840082365562872191e-01
3.221820896373694154e+01,5.253725933218748034e-01
2.631848217346043839e+01,5.023831949996447888e-01
2.995151620274130266e+01,4.982479986313042009e-01
2.961917304343344881e+01,5.270377244985220422e-01
2.789830140387378776e+01,4.837080134853743996e-01
3.102920388146606001e+01,5.203010796323446208e-01
3.085791431928387851e+01,4.685455368035299495e-01
2.831641956577836083e+01,5.059881471919832618e-01
3.028833227850695664e+01,5.362274477556048247e-01
2.641904976096807900e+01,5.239787428360807020e-01
2.890261743548381901e+01,5.708169282600021877e-01
3.136176355324450071e+01,5.712166056300791439e-01
3.279079708200508492e+01,8.055546091254045526e-02
3.271889966514962111e+01,9.850664174344907209e-02
3.258469730242124740e+01,6.821732115521528250e-02
3.703791194996770741e+01,5.501889477472982071e-02
3.364342295700471652e+01,1.136815010169692497e-01
3.639203026845774502e+01,1.197250052296922329e-01
3.331226576626055191e+01,1.284705832076172005e-01
3.353287294183397194e+01,1.101874914138506467e-01
3.531416105086164237e+01,1.876116019708069516e-01
3.514612430579404645e+01,2.410722317625110800e-01
3.533417950192476553e+01,2.175991584466743234e-01
3.835139664086631228e+01,1.849256247446621204e-01
3.533261569894121124e+01,3.199589009424314567e-01
3.536115921862713662e+01,2.503841840913570982e-01
3.275128369167815379e+01,2.474096399042173822e-01
3.466726443103324584e+01,2.497504048878277094e-01
3.467623839210889969e+01,2.950689307873647360e-01
3.574814471979162533e+01,2.589019821544505939e-01
3.564759385333846353e+01,3.065809998209493292e-01
3.576880349619507626e+01,2.646703129907563845e-01
3.228744008755339223e+01,3.070260307605755523e-01
3.353560825490056629e+01,3.075879804193806244e-01
3.652471671475855430e+01,3.162710887057890718e-01
3.365005575091855405e+01,2.845902824308324530e-01
3.287570460549474660e+01,3.099422051227234132e-01
3.862509810173479252e+01,3.000109908263136616e-01
3.226722440328506991e+01,2.661075673249916340e-01
3.806024561895281977e+01,2.705946233278826440e-01
3.229880206559234068e+01,2.725497568645303126e-01
3.594265448541445096e+01,3.186957262964701387e-01
3.748524426316596703e+01,2.703323736803735500e-01
3.485860820148818107e+01,2.870610533445927537e-01
3.829466166840909125e+01,3.714566455934417144e-01
3.457988844692727071e+01,3.330611461134091456e-01
3.380167326438888153e+01,3.362500638826626531e-01
3.685205322864941024e+01,3.773601296849868891e-01
3.753053277882928285e+01,3.546284674142838322e-01
3.380099149884060239e+01,3.876042753133486229e-01
3.516929607295459448e+01,3.937689830826339721e-01
3.453456548810500237e+01,3.539195664605054858e-01
3.223951569406440854e+01,3.286258850664612874e-01
3.339624885615931760e+01,3.774501660426172189e-01
3.772117254606450842e+01,3.543857665188002160e-01
3.558254753964362749e+01,3.668841364400863281e-01
3.320092935205359197e+01,3.820883190334241064e-01
3.455957966563165940e+01,3.285313883275702285e-01
3.658516661434499895e+01,3.595303209103533071e-01
3.584549826998693334e+01,3.670989084074369746e-01
3.398793516884614974e+01,3.527374227262854989e-01
3.858337813171067410e+01,3.899695118180716569e-01
3.466575819415088233e+01,3.495228767397846603e-01
3.620533170229468567e+01,3.332849126948451146e-01
3.423037541704130149e+01,4.265025161043566326e-01
3.624580457057035687e+01,4.030212393577790042e-01
3.604440125182301813e+01,4.575994166325693668e-01
3.239442935583480221e+01,4.252854350390819493e-01
3.881340202752356561e+01,4.079443590181546786e-01
3.864588947207074909e+01,4.050632845308648200e-01
3.382434946339964199e+01,4.095523605965842306e-01
3.702185236814415248e+01,4.565618554204071700e-01
3.846280371957747946e+01,4.596780776876556174e-01
3.359834315693167639e+01,4.611313784571365870e-01
3.693085173553946277e+01,4.500977188594263989e-01
3.387947099997091982e+01,4.531142172741128293e-01
3.865643347866257784e+01,4.080568901602238951e-01
3.469371601336352740e+01,4.107880921396884766e-01
3.331938775898707661e+01,3.962720901517736705e-01
3.351613862408166256e+01,3.964050867375407128e-01
3.578988770797114682e+01,4.088998042900583441e-01
3.347427765047390835e+01,4.495937633383761955e-01
3.880268990020447006e+01,4.550211207154618576e-01
3.605146061832579107e+01,4.648942249680428351e-01
3.344109898722696528e+01,4.795451965656269966e-01
3.482981701276777642e+01,4.859998530610845080e-01
3.656583913293472676e+01,4.981481617569253340e-01
3.641763254625131196e+01,5.302780882944242435e-01
3.452151906415001292e+01,5.366335869180973717e-01
3.815145741303028615e+01,5.189956101862436277e-01
3.463500647158319623e+01,5.405045954847494949e-01
3.806048662428221974e+01,5.383065688722662445e-01
3.457944628847653235e+01,4.868844002580605124e-01
3.718335043795730144e+01,5.258442444850943698e-01
3.563804899874951104e+01,4.996205083528507673e-01
3.493035180820936603e+01,5.306375060964430013e-01
3.834840735941517664e+01,4.962672745994894941e-01
3.689209834187536785e+01,5.384549573835432090e-01
3.604375094359909326e+01,4.730045408406521323e-01
3.483100937116054752e+01,4.829036343296129741e-01
3.404822596808068624e+01,4.939780300940445068e-01
3.671720618383723433e+01,4.921844161848107913e-01
3.426282949523299237e+01,4.773525234073062729e-01
3.433812194824344033e+01,5.355828732598351127e-01
3.543898862889443535e+01,6.010174882483478864e-01
3.592955640390859173e+01,5.542546589701868864e-01
3.809473988698742630e+01,5.934417236275648655e-01
3.621763209169715481e+01,5.774421259856599153e-01
3.881178474478363682e+01,5.786302188082343978e-01
3.582955621180755656e+01,5.730084920990837771e-01
3.832912679204486039e+01,6.123877100535345397e-01
4.472556020200777027e+01,6.345630929099085882e-02
4.379821252059001324e+01,7.315345616764110104e-02
4.319892693434098874e+01,5.240633560883739550e-02
4.255437038346181566e+01,8.749811795057640951e-02
4.163040167816016890e+01,1.555814723335203764e-01
4.295145456955606278e+01,1.112812030481091230e-01
4.259597450744021785e+01,1.691724456734441107e-01
4.360915753621375757e+01,1.659871743958508117e-01
4.246646251947187523e+01,1.879899721378243405e-01
4.494020510393914947e+01,1.828503046369394647e-01
3.892412228848490940e+01,1.908648909115865933e-01
4.200391126867882008e+01,1.962670183209279662e-01
4.357733157646893574e+01,2.503970084571923715e-01
3.891454557888148713e+01,2.988830100188078487e-01
4.177829111025364739e+01,3.160304722089377627e-01
4.077043750214745899e+01,2.560903731543599515e-01
4.533059771303334173e+01,2.744149387631272807e-01
4.251749080861412722e+01,2.522291308963036105e-01
4.466029708307831925e+01,3.154997076708042636e-01
4.019280318153114706e+01,2.673536249732381131e-01
4.287348473257560499e+01,3.419934549660021972e-01
4.211871037377318316e+01,3.826989317772845345e-01
4.083254450100031363e+01,3.896376190847253840e-01
4.246451963098411397e+01,3.376051558963267807e-01
4.275729516085436899e+01,3.471632432839800164e-01
4.426908174598635526e+01,3.911742600133505388e-01
4.495756016032279945e+01,3.399896867440719284e-01
4.312293890543018904e+01,3.910625098268734057e-01
4.311857350083235474e+01,3.894466605395905390e-01
4.072698890003900374e+01,3.418948288750502384e-01
3.910609123255545683e+01,3.455810113786922377e-01
4.314695609841969315e+01,3.409588675793604473e-01
3.916978073498538038e+01,3.347756790433439877e-01
4.412842827558382908e+01,3.415152471366112996e-01
4.292149395061902339e+01,3.271059962755706874e-01
3.913304591348618544e+01,4.298809312877180933e-01
4.383789891770945246e+01,4.071944511593946214e-01
3.906858850040393349e+01,4.458116986118110248e-01
4.056779715729052782e+01,4.413755680899881240e-01
4.150065546700825792e+01,4.589432625929092402e-01
4.125861698952648737e+01,4.659722176717254749e-01
4.100081348056804131e+01,4.105303994797305234e-01
4.239394522124923981e+01,4.537116217472937918e-01
4.123961293721747268e+01,4.024312442056645622e-01
4.537377760240154601e+01,4.079349852787184094e-01
4.376955802720006261e+01,3.972910211318401164e-01
4.280339771935561544e+01,4.412700402402751632e-01
4.152922093934463987e+01,4.255239342932395363e-01
4.411684958863359896e+01,4.047720419549671877e-01
4.091901063598285759e+01,4.194639876735446471e-01
3.895083955714181911e+01,4.456757064011114267e-01
4.196879325168070807e+01,3.992025536448089995e-01
4.442592387745186500e+01,4.578879171102292478e-01
4.060120456111744147e+01,4.345746002358358284e-01
4.405285228050649948e+01,4.118747016563928387e-01
3.908426215925180713e+01,5.212252901160978613e-01
4.352563154434831461e+01,5.052281058117719104e-01
4.214907403874681791e+01,5.365034907638135397e-01
4.008127538034497661e+01,5.231380832251463220e-01
4.238339490744387206e+01,5.409818025548530640e-01
4.025887380705992769e+01,5.147392360726270599e-01
4.305759579656803737e+01,4.897974634242219238e-01
3.974085771280485346e+01,5.394868837163713238e-01
4.013756731576259540e+01,5.200475851109447323e-01
3.964470311961358107e+01,5.183356063757403875e-01
4.271024252400972898e+01,5.248096978281803215e-01
4.288018223624494851e+01,4.994346777801519366e-01
3.962824870539965616e+01,5.284540632531091742e-01
4.383631196794424056e+01,5.247853251260317098e-01
3.902679471157223645e+01,4.939321527561581493e-01
4.239236250693301145e+01,4.772226468308655711e-01
4.242661094647752407e+01,4.802022626045884257e-01
4.259875868871202442e+01,5.368229769254351247e-01
4.210956866924526310e+01,4.737483299329716679e-01
3.985625518182035876e+01,5.145415329305177421e-01
4.331563741324052330e+01,5.869754109009962528e-01
4.342608794480479162e+01,5.713343556348002839e-01
4.229064809124353985e+01,5.849102142105135904e-01
3.997173588378979048e+01,5.661991267497941127e-01
4.343431031546936083e+01,5.977987295151244718e-01
4.277373465532951968e+01,6.075096829121171549e-01
4.308987408698497745e+01,6.054699702676178408e-01
4.140851054186937574e+01,5.557338801139566353e-01
4.426422274207747876e+01,5.682660648525804659e-01
4.371029721862637984e+01,5.730420534963903689e-01
3.964311665692021336e+01,6.009535192703143736e-01
4.282642918920092256e+01,5.542641476560539182e-01
4.498754098320976880e+01,5.435849790400884007e-01
4.254663194643859470e+01,5.739761580900040183e-01
4.426322936522709028e+01,5.660656749634279672e-01
3.946891302913999766e+01,2.067408204352101375e+00
4.354830169813894258e+01,2.031623556807653941e+00
4.468496279911701663e+01,2.156358424145857544e+00
4.071867390811456744e+01,2.158885402758404126e+00
4.783881155472126068e+01,3.054690569677411816e-01
5.053624486696871543e+01,2.728574916556898433e-01
4.834847755955912874e+01,2.867467350522830971e-01
4.960757946729630419e+01,3.146487915970325178e-01
5.078383980190780278e+01,3.276419993653080232e-01
5.135338048223671592e+01,3.491694713075436662e-01
4.910784595106298411e+01,3.616526063868056307e-01
4.907269280543010836e+01,3.290777222007624792e-01
4.735012678787148843e+01,4.592914419582345698e-01
5.167075618652967250e+01,4.649543938640263718e-01
5.018324232329170798e+01,4.495063273534945503e-01
5.221929463256846304e+01,4.088819123725366822e-01
4.570669739394647024e+01,5.270209641771002040e-01
4.790285256102916378e+01,4.749058730352356816e-01
4.688786690285381553e+01,4.759016372469427880e-01
4.717335412859046073e+01,4.868583155896840653e-01
5.220423127023850896e+01,4.932017575980361390e-01
5.099801688235486097e+01,5.385599200571039580e-01
4.717113402463941441e+01,4.884883957252068032e-01
4.650116499515014823e+01,5.305061845775808083e-01
4.724228887171732083e+01,5.195673057969286690e-01
4.910786570370528636e+01,5.291291548932683941e-01
4.892582024808299934e+01,5.102984663236349583e-01
4.831868169471108843e+01,5.204344698219416365e-01
5.076855667050578802e+01,4.799552010732870411e-01
4.640983079417152624e+01,5.353603801891491099e-01
4.898587693581960423e+01,4.812859555927516131e-01
4.609458478523002611e+01,4.753261576194928728e-01
4.774677469950584907e+01,5.639362889768236853e-01
4.869882589174181931e+01,6.086209778005320370e-01
4.633980384292725319e+01,6.053540796174865513e-01
5.030693634444477880e+01,6.101803730943573534e-01
4.569713566711912733e+01,6.078715700763789309e-01
4.924455354616182490e+01,5.880299864760630824e-01
5.094776901780852540e+01,5.810401973207999227e-01
4.561952166139910503e+01,5.937129481166243394e-01
4.992530696370727128e+01,5.539350325935811226e-01
4.876795627191519600e+01,5.523794601607792121e-01
4.847265287426870373e+01,6.030020870703751701e-01
4.682340553928878535e+01,6.136873652445332672e-01
4.578612642511609465e+01,5.762966154284775433e-01
4.921791962282594568e+01,6.131584959019129588e-01
4.749118471364735683e+01,6.027731440777811533e-01
4.624424797530627984e+01,5.530665589731238452e-01
4.811519400521326872e+01,5.638878473198549734e-01
4.706395508628315838e+01,5.720654266763596230e-01
4.921480263429279489e+01,5.783492459668025942e-01
5.183735767802153305e+01,5.840599804976425169e-01
4.988738421033528425e+01,6.820118447830529895e-01
5.144768119828326292e+01,6.224571814766854949e-01
4.943173838629336103e+01,6.633490486892483773e-01
5.037630984587714522e+01,6.586271691912080062e-01
4.858738418978205686e+01,6.597596405973717992e-01
4.780408131795846316e+01,6.840750169281082371e-01
4.901745035781711124e+01,6.433001503262907317e-01
5.042904061407851657e+01,6.557920595453016199e-01
4.574963726393612262e+01,6.834170825069854072e-01
5.015103913006707614e+01,6.248385493905637134e-01
5.019874264888859727e+01,6.786459416284229551e-01
4.771939302828441498e+01,6.371336315734936750e-01
5.044249330429252609e+01,6.269244096907652386e-01
4.863968981788472945e+01,6.758598740770065394e-01
5.154469529456480359e+01,6.586713323742106052e-01
4.830522255375831264e+01,6.328736121867830633e-01
5.135787192233259191e+01,7.352583371227128239e-01
5.186697328520753558e+01,7.214529235832831677e-01
5.026142004260121610e+01,7.295963823263924564e-01
4.785816946510178127e+01,7.210924384818251376e-01
4.568909709756565007e+01,7.561661673670520001e-01
5.191954708683893216e+01,7.925253565622027985e-01
4.695157813205284469e+01,7.823754201641131001e-01
4.570439272222650118e+01,7.782038953560839190e-01
4.897071716525994134e+01,7.903116036985855519e-01
4.806917528729250932e+01,7.728146019209169992e-01
5.033238460164480443e+01,9.051447656647004791e-01
4.821696825213632565e+01,9.035099699271742502e-01
4.804274307377703224e+01,8.461910559846376190e-01
5.218770093740971561e+01,8.448722198777913750e-01
4.690431473584041555e+01,8.825490802032726068e-01
5.368617132219233667e+01,3.097815776388895270e-01
5.753440986020669357e+01,3.028021224582476689e-01
5.413853817280794090e+01,2.635634585252527584e-01
5.665465141581195496e+01,3.048342358277275066e-01
5.734446189072649247e+01,3.685046497045166292e-01
5.257835024316150907e+01,3.447029369628382689e-01
5.616913521599339276e+01,3.596239688701742265e-01
5.295427369308440291e+01,3.691235681848231143e-01
5.673223450582450766e+01,4.128573646898003879e-01
5.737621011756972678e+01,4.613732882653349687e-01
5.708047228994017530e+01,3.992531387721216518e-01
5.325088505100576697e+01,4.553172639775940889e-01
5.595533720607886607e+01,5.355002056932529619e-01
5.409580700688348998e+01,5.046089758758534050e-01
5.684955611354932614e+01,5.287675096161192911e-01
5.702691561932194020e+01,5.056703903387875787e-01
5.381877153939851155e+01,4.961067568194159616e-01
5.425458373150146940e+01,5.238124401201684766e-01
5.542485916837161142e+01,5.408647012160878731e-01
5.611536293437904988e+01,4.780473532584577079e-01
5.300821061419669888e+01,4.814743804133627680e-01
5.623336501079477046e+01,4.939745289333056788e-01
5.340076276974724578e+01,4.884652151431356781e-01
5.872606120354598147e+01,5.328529075226291489e-01
5.693114557272524223e+01,5.378819032294748226e-01
5.874666494806584183e+01,4.974666918902099777e-01
5.616716270299227176e+01,5.295758057377153438e-01
5.806075647702094500e+01,6.026709152819770265e-01
5.682426497308226487e+01,5.703099813611833824e-01
5.366083340471897145e+01,5.721155533600027487e-01
5.437631963828323478e+01,5.639211744259063908e-01
5.700278283262645118e+01,5.989879651656713211e-01
5.804251539798285364e+01,5.945568595636758769e-01
5.801760296872132017e+01,5.797983192539652997e-01
5.295801136990915836e+01,5.752648548344760915e-01
5.632990142917491028e+01,5.682860684401018769e-01
5.389333463818461212e+01,5.601344769964331505e-01
5.672077351275707713e+01,5.572008256454821229e-01
5.265328828242286363e+01,5.416515555052663355e-01
5.755924165982131058e+01,5.425520218737995837e-01
5.269325284255231168e+01,5.801707239313267372e-01
5.471177752118310877e+01,5.643611505613315149e-01
5.348240329887332223e+01,5.840589267959616082e-01
5.357943150158681078e+01,5.603069060920863320e-01
5.787828470527371394e+01,6.047141475048186665e-01
5.307300339824897151e+01,6.061508698396598227e-01
5.546274791015468963e+01,5.532239666293231606e-01
5.226247160921067803e+01,6.832498370161910195e-01
5.314772625471030665e+01,6.186534190646009179e-01
5.283880422535850130e+01,6.416434060805628059e-01
5.405960716775329900e+01,6.559056157692541023e-01
5.349389643765262292e+01,6.771549722241639868e-01
5.475786240630486645e+01,6.875817432574078403e-01
5.403459827095684886e+01,6.720245089787888482e-01
5.511240934029360972e+01,6.765410402363800646e-01
5.661628191927235321e+01,6.395397120566479465e-01
5.789107954039170068e+01,6.189800394321005594e-01
5.580188450912741871e+01,6.717097603146456875e-01
5.697530128319633036e+01,6.752964625700160761e-01
5.775724112390794573e+01,6.566772205639663795e-01
5.707911748926672146e+01,7.320863683291707336e-01
5.489871132561488309e+01,7.248598396572012437e-01
5.261577517446261254e+01,7.253490324656961530e-01
5.802261358394308388e+01,7.119281982424019439e-01
5.480411560051221898e+01,6.956710486919022163e-01
5.763940663096823869e+01,7.802504512165774342e-01
5.835486128675231043e+01,7.847186167816974089e-01
5.521647538637975572e+01,8.095875341531714176e-01
5.569801569577462885e+01,7.982363842576297719e-01
5.818639818347821802e+01,8.191391337982626419e-01
5.821884188317206110e+01,8.403156955403061623e-01
5.225840276161655140e+01,9.087586391346808012e-01
5.503833133427038149e+01,8.476365241673237128e-01
5.798625539688056563e+01,9.052911049615465222e-01
5.302527292143913940e+01,8.727822514932976894e-01
6.255364918369942018e+01,2.612072047846094591e-01
6.458331425265200210e+01,3.022024010588427734e-01
6.454339232832417395e+01,2.971018272674410543e-01
6.359396475570640916e+01,2.485168822290725887e-01
6.476833627650543690e+01,3.853408611290624064e-01
6.275545819751913257e+01,3.408267533719419040e-01
6.533835954851718952e+01,3.801268038285935402e-01
6.156521068606680558e+01,3.676808708927886693e-01
6.078829488199511388e+01,4.304607788719458927e-01
6.556710864720275822e+01,4.224787675561034739e-01
6.382573259958959966e+01,4.424166414589634222e-01
6.427494685364921168e+01,4.124477239816605190e-01
6.233852840833934295e+01,4.836644642077339573e-01
6.217066953030045795e+01,4.805581544441830388e-01
5.941167175372454778e+01,5.178606499565120425e-01
6.419624145921156355e+01,5.092422977197056388e-01
6.505581660497881558e+01,6.140118535567454794e-01
6.466238229740690713e+01,5.504412249508758848e-01
6.191377299004861356e+01,6.044767301833076090e-01
6.456755263605509754e+01,5.705252009953112324e-01
6.405947301770198976e+01,5.650486957099456475e-01
6.490558966707718014e+01,6.017808414009476747e-01
6.118778543189621644e+01,5.893273070702848004e-01
6.162463538571938670e+01,6.143852396179321218e-01
5.986125186471090842e+01,6.007992432507193170e-01
6.104753812435042448e+01,5.473707510572364265e-01
6.147733733356923835e+01,6.143735353831560886e-01
6.523872663883328471e+01,6.140526601246143468e-01
6.235628105336061822e+01,5.689878467786079197e-01
6.457943879570049717e+01,5.975181111998687511e-01
6.434816682284990463e+01,5.815365646516461595e-01
6.206792547168748797e+01,5.706917235447318548e-01
6.115423373265004159e+01,5.760733554716851446e-01
6.220410146255733252e+01,6.257733059145977883e-01
6.092324104501814475e+01,6.809271456068890505e-01
6.407428057427040358e+01,6.631497248276394529e-01
6.215460574129829752e+01,6.669669795246857547e-01
6.423690036392744673e+01,6.879649737580840752e-01
5.907566534707557082e+01,6.165491756478860275e-01
6.034425233139327815e+01,6.638155459376172685e-01
6.108793936211039011e+01,6.745473649006517025e-01
6.492283617745748359e+01,6.702418360286555021e-01
6.301728670259116427e+01,6.411488963396883012e-01
6.182800607469613396e+01,6.180855651434080666e-01
6.410473700444563860e+01,6.569647301235879144e-01
6.092323549264948213e+01,6.335064609801694946e-01
6.212994706613538654e+01,6.384147170332343801e-01
6.007920607224394871e+01,6.402200546581254814e-01
6.425555741796252107e+01,6.783676990604459167e-01
6.405198157766639611e+01,6.187462627506841173e-01
6.297802383390938985e+01,6.558005637288645273e-01
6.035054960528442791e+01,6.319036252419614197e-01
6.513822253505847470e+01,6.229671335057140880e-01
6.497401351168041117e+01,7.419115954154661408e-01
6.337546678729813721e+01,7.479880470822473093e-01
6.172856978384993454e+01,7.393711968067525619e-01
6.409367445963765419e+01,7.607598504958956731e-01
6.550687884419160412e+01,7.378930607343631154e-01
6.322166565684877071e+01,8.048864612635709959e-01
6.045085586559555679e+01,7.863459541460373625e-01
6.175084280819190496e+01,8.215213283580318215e-01
6.290050292493374684e+01,8.185705146821450340e-01
6.220877774327281884e+01,7.999398524420592294e-01
6.162232063413321725e+01,8.654466435402482505e-01
6.274311416541002018e+01,8.372806797565894854e-01
6.439778521805972389e+01,8.460156989199177913e-01
6.185444540856455831e+01,8.578332978167841905e-01
6.413466438300581274e+01,8.670691402465439124e-01
6.250238164639569050e+01,2.052062830688116790e+00
6.369633354084213295e+01,2.069608035427994430e+00
6.548226937597821973e+01,2.159576132099484624e+00
6.166797823148293389e+01,2.098291803687357238e+00
6.599135701910444141e+01,7.101869899070694103e-01
6.583604480587739260e+01,7.519766446998752407e-01
7.202329095852653040e+01,7.347106260754971974e-01
7.012259804401077190e+01,7.880248818949748824e-01
6.990528839100045388e+01,8.074698610167629909e-01
6.627855523143004746e+01,7.695429961577541222e-01
6.732132355562025339e+01,8.743659420560461193e-01
6.571380175965586545e+01,8.839245465357470355e-01
6.775736066767922239e+01,8.830318211020031782e-01
6.641373628858377742e+01,9.146704476289306829e-01
6.598573978232869308e+01,9.550520425730281149e-01
6.766055545819250483e+01,1.028771047107762016e+00
6.940952568405488421e+01,1.054651758313401411e+00
7.067558099097151114e+01,1.104116074688567650e+00
7.145638230777291255e+01,1.060533993243952366e+00
7.654650361830607608e+01,7.449086304466636665e-01
7.234987695101166594e+01,7.321473116030976502e-01
7.449217255146034233e+01,6.941911329653742690e-01
7.229395034143418286e+01,7.734295874103727098e-01
7.448448006404632338e+01,8.170095576750722177e-01
7.670997988802568557e+01,7.899217942205316589e-01
7.314666326506072380e+01,8.995121458434407469e-01
7.737526873121345261e+01,8.640733920174064053e-01
7.754632522817269091e+01,8.400190418731141584e-01
7.862546336113503287e+01,9.348026533466062826e-01
7.775065554385605537e+01,9.598239422861447601e-01
7.675871593923133673e+01,9.864211279325887372e-01
7.863121731409610504e+01,9.980702116144120062e-01
7.631888419869233076e+01,1.073328023561685995e+00
7.851955442297173704e+01,1.125292494221532325e+00
8.047784611678521571e+01,7.387324945628083173e-01
8.178442543650965035e+01,7.089182436661165543e-01
8.507237882494165149e+01,7.436068987017886434e-01
8.084777400232000844e+01,8.167762276144039379e-01
8.047548089825973250e+01,7.837859473431438850e-01
8.165265634543924023e+01,7.715147231836596564e-01
7.934385397392289008e+01,8.985440495657950333e-01
8.398124449227989885e+01,8.823394946248565018e-01
8.103270144361394500e+01,9.046226290748000665e-01
8.232982484001378509e+01,9.368992829632661890e-01
8.543023124394390777e+01,9.678567067026409010e-01
8.377456004238764820e+01,1.053847659248795532e+00
7.899094889297170141e+01,1.001969547515312975e+00
8.254667683564447600e+01,1.095042626858455437e+00
7.950904889853565294e+01,1.080023954789604446e+00
8.513996579045478086e+01,2.065882621226414972e+00
8.081115961743040543e+01,2.070796562729039003e+00
8.455268609217726805e+01,2.114012872670361975e+00
8.436972408591719841e+01,2.154717936664245936e+00
1.009982882668698494e+02,2.086147106779370652e+00
1.028055318474583260e+02,2.078886407144269199e+00
9.939264536133050854e+01,2.127681020699341730e+00
1.035721392269466747e+02,2.090232763993951526e+00
1.106551009853676959e+02,2.178203048174223166e-01
1.058835883174495791e+02,2.190694865159209526e-01
1.118831614130398293e+02,4.399807174057260850e-01
1.085650886799095503e+02,4.426609713114573186e-01
1.122393725191155625e+02,6.208440118906537464e-01
1.122873854796441435e+02,6.332133192114280940e-01
1.102999339976781954e+02,1.513054214708938083e+00
1.076182619945227970e+02,1.530896285737314955e+00
1.069498326135893507e+02,1.796091750228123063e+00
1.085301096968761527e+02,1.856680751174251576e+00
1.082495171157411136e+02,1.816896805338826359e+00
1.061317365818291734e+02,1.924383845974004359e+00
1.093732559359533951e+02,1.902222545218773986e+00
1.101766503356860909e+02,1.926240449443565872e+00
1.078001786660845625e+02,1.995935123292406299e+00
1.066812737779959406e+02,1.960131043567886477e+00
1.077438869608177185e+02,1.968432540205431236e+00
1.155302011203632446e+02,2.276096014815172375e-01
1.164899870031378271e+02,2.105245718561163104e-01
1.142021071455269947e+02,3.968541905727404062e-01
1.186522891686577310e+02,4.463542108902030514e-01
1.146972789476927375e+02,6.752339689377115928e-01
1.187487989057724889e+02,6.579074977294695481e-01
1.186402784019221883e+02,1.559746433497922968e+00
1.172548786663639362e+02,1.566478807027719133e+00
1.166478910713006911e+02,1.834585866216883465e+00
1.135102415423543079e+02,1.838966431160570236e+00
1.169249402182484658e+02,1.834848189249104866e+00
1.160902425176667947e+02,1.882179383230064174e+00
1.146406783130644556e+02,1.923956096523582460e+00
1.184994840889849144e+02,1.872881197726068425e+00
1.179158702491142208e+02,1.958231648865412344e+00
1.169900787351873674e+02,1.974587279717803678e+00
1.174429343966258870e+02,1.978765452089974008e+00
